Make,Model,Status,Notes
Acura,,Free-text - no model dropdown,Users type model manually
Alfa Romeo,,Free-text - no model dropdown,Users type model manually
Aston Martin,,Free-text - no model dropdown,Users type model manually
Audi,A3,Current,
Audi,A4,Current,
Audi,A4 allroad,Current,
Audi,A5,Current,
Audi,A5 Cabriolet,Current,
Audi,A6,Current,
Audi,A7,Current,
Audi,A8,Current,
Audi,e-tron,Current,
Audi,e-tron GT,Current,
Audi,Q3,Current,
Audi,Q4 e-tron,Current,
Audi,Q5,Current,
Audi,Q5 Sportback,Current,
Audi,Q7,Current,
Audi,Q8,Current,
Audi,Q8 e-tron,Current,
Audi,R8,Current,
Audi,RS3,Current,
Audi,RS4,Current,
Audi,RS5,Current,
Audi,RS6 Avant,Current,
Audi,RS7,Current,
Audi,RS e-tron GT,Current,
Audi,RS Q3,Current,
Audi,RS Q8,Current,
Audi,S3,Current,
Audi,S4,Current,
Audi,S5,Current,
Audi,S5 Cabriolet,Current,
Audi,S6,Current,
Audi,S7,Current,
Audi,S8,Current,
Audi,SQ5,Current,
Audi,SQ7,Current,
Audi,SQ8,Current,
Audi,TT,Current,
Audi,TTS,Current,
Audi,TT RS,Current,
Audi,A1,Missing - Popular,Sold in US 2015-2018; common import/relocation ship
Audi,Q2,Missing - Popular,Popular compact crossover; EU version shipped domestically
Bentley,,Free-text - no model dropdown,Users type model manually
BMW,1 Series,Current,
BMW,2 Series,Current,
BMW,3 Series,Current,
BMW,4 Series,Current,
BMW,5 Series,Current,
BMW,6 Series,Current,
BMW,7 Series,Current,
BMW,8 Series,Current,
BMW,i3,Current,
BMW,i4,Current,
BMW,i5,Current,
BMW,i7,Current,
BMW,i8,Current,
BMW,iX,Current,
BMW,iX1,Current,
BMW,iX3,Current,
BMW,M1,Current,
BMW,M2,Current,
BMW,M3,Current,
BMW,M4,Current,
BMW,M5,Current,
BMW,M6,Current,
BMW,M8,Current,
BMW,X1,Current,
BMW,X2,Current,
BMW,X3,Current,
BMW,X3M,Current,
BMW,X4,Current,
BMW,X4M,Current,
BMW,X5,Current,
BMW,X5M,Current,
BMW,X6,Current,
BMW,X6M,Current,
BMW,X7,Current,
BMW,XM,Current,
BMW,Z3,Current,
BMW,Z4,Current,
BMW,Z8,Current,
BMW,M235i,Missing - Popular,Common standalone listing separate from 2 Series
BMW,M340i,Missing - Popular,Often listed as its own model by customers
BMW,M550i,Missing - Popular,Often listed as its own model by customers
Bugatti,,Free-text - no model dropdown,Users type model manually
Buick,,Free-text - no model dropdown,Users type model manually
Cadillac,,Free-text - no model dropdown,Users type model manually
Chevrolet,Astro,Current,
Chevrolet,Avalanche,Current,
Chevrolet,Aveo,Current,
Chevrolet,Bel Air,Current,
Chevrolet,Biscayne,Current,
Chevrolet,Blazer,Current,
Chevrolet,Bolt EV EUV,Current,
Chevrolet,C K Series,Current,
Chevrolet,Camaro,Current,
Chevrolet,Caprice,Current,
Chevrolet,Captiva Sport,Current,
Chevrolet,Cavalier,Current,
Chevrolet,Celebrity,Current,
Chevrolet,Chevelle,Current,
Chevrolet,Citation,Current,
Chevrolet,City Express,Current,
Chevrolet,Cobalt,Current,
Chevrolet,Colorado,Current,
Chevrolet,Corsica,Current,
Chevrolet,Corvette,Current,
Chevrolet,Cruze,Current,
Chevrolet,El Camino,Current,
Chevrolet,Equinox,Current,
Chevrolet,Express,Current,
Chevrolet,Express 3500 Cutaway,Current,
Chevrolet,Express 4500 Cutaway,Current,
Chevrolet,Express Cargo Van,Current,
Chevrolet,G-Series Van,Current,
Chevrolet,HHR,Current,
Chevrolet,Impala,Current,
Chevrolet,Lumina,Current,
Chevrolet,Lumina APV,Current,
Chevrolet,LUV,Current,
Chevrolet,Malibu,Current,
Chevrolet,Metro,Current,
Chevrolet,Monza,Current,
Chevrolet,Nova,Current,
Chevrolet,S-10,Current,
Chevrolet,Silverado,Current,
Chevrolet,Silverado 1500,Current,
Chevrolet,Silverado 2500HD,Current,
Chevrolet,Silverado 3500HD,Current,
Chevrolet,Sonic,Current,
Chevrolet,SS,Current,
Chevrolet,SSR,Current,
Chevrolet,Suburban,Current,
Chevrolet,Tahoe,Current,
Chevrolet,Tracker,Current,
Chevrolet,Trailblazer,Current,
Chevrolet,Traverse,Current,
Chevrolet,Uplander,Current,
Chevrolet,Vega,Current,
Chevrolet,Venture,Current,
Chevrolet,Volt,Current,
Chevrolet,Trax,Missing - Popular,Redesigned 2024; one of Chevy's top-selling crossovers
Chevrolet,Spark,Missing - Popular,Discontinued 2022 but huge installed base; frequently shipped
Chevrolet,Equinox EV,Missing - Popular,New 2024 EV variant; customers search for it by this name
Chevrolet,Blazer EV,Missing - Popular,New 2024; distinct from gas Blazer in customer searches
Chevrolet,Silverado EV,Missing - Popular,New 2024 electric truck
Chevrolet,Montana,Missing - Popular,Sold in Latin America; cross-border shipments
Chrysler,,Free-text - no model dropdown,Users type model manually
Citroën,,Free-text - no model dropdown,Users type model manually
Dacia,,Free-text - no model dropdown,Users type model manually
Daewoo,,Free-text - no model dropdown,Users type model manually
Daihatsu,,Free-text - no model dropdown,Users type model manually
Dodge,400,Current,
Dodge,600,Current,
Dodge,Aries K-car,Current,
Dodge,Aspen,Current,
Dodge,Avenger,Current,
Dodge,B-Series Van,Current,
Dodge,Caravan,Current,
Dodge,Challenger,Current,
Dodge,Charger,Current,
Dodge,Coronet,Current,
Dodge,D100 D150,Current,
Dodge,D200 D250,Current,
Dodge,D300 D350,Current,
Dodge,Dakota,Current,
Dodge,Dart,Current,
Dodge,Daytona,Current,
Dodge,Demon,Current,
Dodge,Diplomat,Current,
Dodge,Durango,Current,
Dodge,Dynasty,Current,
Dodge,Grand Caravan,Current,
Dodge,Intrepid,Current,
Dodge,Journey,Current,
Dodge,Lancer 1980s,Current,
Dodge,Lil Red Express Truck,Current,
Dodge,Mini Ram Van,Current,
Dodge,Mirada,Current,
Dodge,Monaco,Current,
Dodge,Neon,Current,
Dodge,Nitro,Current,
Dodge,Omni,Current,
Dodge,Polara,Current,
Dodge,Power Wagon,Current,
Dodge,Raider,Current,
Dodge,Ram,Current,
Dodge,Ram 1500,Current,
Dodge,Ram 2500,Current,
Dodge,Ram 3500,Current,
Dodge,Ram Van,Current,
Dodge,Ramcharger,Current,
Dodge,Rampage,Current,
Dodge,Spirit,Current,
Dodge,Sportsman,Current,
Dodge,Sprinter,Current,
Dodge,Stealth,Current,
Dodge,Stratus,Current,
Dodge,Super Bee,Current,
Dodge,Tradesman,Current,
Dodge,Viper,Current,
Dodge,Wagoneer,Current,
Dodge,Warlock,Current,
Dodge,Hornet,Missing - Popular,Relaunched 2023; new compact SUV with significant sales volume
Eagle,,Free-text - no model dropdown,Users type model manually
Ferrari,,Free-text - no model dropdown,Users type model manually
Fiat,,Free-text - no model dropdown,Users type model manually
Fisker,,Free-text - no model dropdown,Users type model manually
Ford,Aerostar,Current,
Ford,Aspire,Current,
Ford,Bronco,Current,
Ford,Bronco Sport,Current,
Ford,C-Max,Current,
Ford,Chateau,Current,
Ford,Club Wagon,Current,
Ford,Contour,Current,
Ford,Courier,Current,
Ford,Crown Victoria,Current,
Ford,Custom Van,Current,
Ford,E-350 Cutaway,Current,
Ford,E-450 Cutaway,Current,
Ford,E-Series,Current,
Ford,EcoSport,Current,
Ford,Edge,Current,
Ford,Escape,Current,
Ford,Escort,Current,
Ford,Expedition,Current,
Ford,Explorer,Current,
Ford,Explorer Sport Trac,Current,
Ford,F-150,Current,
Ford,F-150 Lightning,Current,
Ford,F-250,Current,
Ford,F-350,Current,
Ford,F-450 Cutaway,Current,
Ford,F-450 F-550,Current,
Ford,F-550 Cutaway,Current,
Ford,Fairmont,Current,
Ford,Falcon,Current,
Ford,Fiesta,Current,
Ford,Five Hundred,Current,
Ford,Flex,Current,
Ford,Focus,Current,
Ford,Freestyle,Current,
Ford,Fusion,Current,
Ford,Galaxie,Current,
Ford,Granada,Current,
Ford,LTD,Current,
Ford,Maverick 1970s,Current,
Ford,Maverick 2022,Current,
Ford,Mustang,Current,
Ford,Mustang Mach-E,Current,
Ford,Pinto,Current,
Ford,Probe,Current,
Ford,Ranger,Current,
Ford,Super Duty Series,Current,
Ford,Taurus,Current,
Ford,Tempo,Current,
Ford,Thunderbird,Current,
Ford,Transit,Current,
Ford,Transit Cargo Van,Current,
Ford,Transit Connect,Current,
Ford,Transit Cutaway,Current,
Ford,Windstar,Current,
Ford,E-Transit,Missing - Popular,All-electric Transit; customers list it separately from Transit
Ford,Expedition Max,Missing - Popular,Often listed as distinct model from standard Expedition
Ford,F-600,Missing - Popular,New 2020+ medium-duty; dealers ship these frequently
Genesis,,Free-text - no model dropdown,Users type model manually
Geo,,Free-text - no model dropdown,Users type model manually
GMC,Acadia,Current,
GMC,Canyon,Current,
GMC,Envoy,Current,
GMC,Hummer EV,Current,
GMC,Hummer EV SUV,Current,
GMC,Jimmy,Current,
GMC,Safari,Current,
GMC,Savana 3500 Cutaway,Current,
GMC,Savana 4500 Cutaway,Current,
GMC,Savana Cargo Van,Current,
GMC,Savana Passenger Van,Current,
GMC,Sierra,Current,
GMC,Sierra 1500,Current,
GMC,Sierra 2500 HD,Current,
GMC,Sierra 3500 HD,Current,
GMC,Sierra EV,Current,
GMC,Sonoma,Current,
GMC,Syclone,Current,
GMC,Terrain,Current,
GMC,Typhoon,Current,
GMC,Yukon,Current,
GMC,Yukon XL,Current,
GMC,Envista,Missing - Popular,New 2024 subcompact SUV; brand's entry-level model
GMC,Canyon AT4X,Missing - Popular,Often searched as own model by off-road buyers
Honda,Accord,Current,
Honda,Accord Hybrid,Current,
Honda,Civic,Current,
Honda,Civic Hybrid,Current,
Honda,Clarity,Current,
Honda,Clarity EV,Current,
Honda,CR-V,Current,
Honda,CR-Z,Current,
Honda,Crosstour,Current,
Honda,Element,Current,
Honda,Fit,Current,
Honda,HR-V,Current,
Honda,Insight,Current,
Honda,Insight Hybrid,Current,
Honda,Legend,Current,
Honda,NSX,Current,
Honda,Odyssey,Current,
Honda,Passport,Current,
Honda,Pilot,Current,
Honda,Prelude,Current,
Honda,Prologue,Current,
Honda,Ridgeline,Current,
Honda,S2000,Current,
Honda,ZR-V,Current,
Honda,del Sol,Missing - Popular,Classic coupe; frequently shipped for collectors
Honda,Accord Plug-In Hybrid,Missing - Popular,Distinct from standard Accord Hybrid in customer searches
Hummer,,Free-text - no model dropdown,Users type model manually
Hyundai,Accent,Current,
Hyundai,Azera,Current,
Hyundai,Elantra,Current,
Hyundai,Entourage,Current,
Hyundai,Genesis,Current,
Hyundai,Genesis Coupe,Current,
Hyundai,Ioniq,Current,
Hyundai,Ioniq 5,Current,
Hyundai,Ioniq 6,Current,
Hyundai,Kona,Current,
Hyundai,Kona Electric,Current,
Hyundai,Kona N,Current,
Hyundai,Nexo,Current,
Hyundai,Palisade,Current,
Hyundai,Santa Fe,Current,
Hyundai,Santa Fe Hybrid,Current,
Hyundai,Santa Fe Plug-In Hybrid,Current,
Hyundai,Sonata,Current,
Hyundai,Tiburon,Current,
Hyundai,Tucson,Current,
Hyundai,Tucson Hybrid,Current,
Hyundai,Tucson Plug-In Hybrid,Current,
Hyundai,Veloster,Current,
Hyundai,Veloster N,Current,
Hyundai,Venue,Current,
Hyundai,Santa Cruz,Missing - Popular,Launched 2022; Hyundai's pickup truck; high shipping demand
Hyundai,Elantra N,Missing - Popular,Performance variant; distinct searches
Hyundai,Ioniq 5 N,Missing - Popular,High-performance EV; launched 2024
Hyundai,Ioniq 9,Missing - Popular,New 2025 3-row SUV; pre-orders already shipping
Infiniti,,Free-text - no model dropdown,Users type model manually
International,,Free-text - no model dropdown,Users type model manually
Isuzu,,Free-text - no model dropdown,Users type model manually
Jaguar,,Free-text - no model dropdown,Users type model manually
Jeep,Cherokee,Current,
Jeep,CJ-5,Current,
Jeep,CJ-7,Current,
Jeep,Comanche,Current,
Jeep,Commander,Current,
Jeep,Compass,Current,
Jeep,Gladiator,Current,
Jeep,Grand Cherokee,Current,
Jeep,Grand Cherokee 4xe,Current,
Jeep,Grand Cherokee L,Current,
Jeep,Grand Cherokee SRT,Current,
Jeep,Grand Wagoneer,Current,
Jeep,Grand Wagoneer L,Current,
Jeep,Liberty,Current,
Jeep,Patriot,Current,
Jeep,Renegade,Current,
Jeep,Scrambler,Current,
Jeep,Trackhawk,Current,
Jeep,Wagoneer,Current,
Jeep,Wagoneer L,Current,
Jeep,Wrangler,Current,
Jeep,Wrangler 4xe,Current,
Jeep,Wrangler Unlimited,Current,
Jeep,Avenger,Missing - Popular,New compact EV SUV launched 2023
Jeep,Recon,Missing - Popular,New 2024 off-road EV; announced and pre-ordered
Karma,,Free-text - no model dropdown,Users type model manually
Kia,Amanti,Current,
Kia,Bongo,Current,
Kia,Borrego,Current,
Kia,Cadenza,Current,
Kia,Carnival,Current,
Kia,EV5,Current,
Kia,EV6,Current,
Kia,EV9,Current,
Kia,Forte,Current,
Kia,K5,Current,
Kia,K900,Current,
Kia,Mohave,Current,
Kia,Niro,Current,
Kia,Niro EV,Current,
Kia,Niro Hybrid,Current,
Kia,Niro PHEV,Current,
Kia,Optima,Current,
Kia,Optima Hybrid,Current,
Kia,Optima PHEV,Current,
Kia,Rio,Current,
Kia,Rondo,Current,
Kia,Sedona,Current,
Kia,Seltos,Current,
Kia,Sorento,Current,
Kia,Sorento Hybrid,Current,
Kia,Sorento PHEV,Current,
Kia,Soul,Current,
Kia,Soul EV,Current,
Kia,Spectra,Current,
Kia,Sportage,Current,
Kia,Sportage Hybrid,Current,
Kia,Stinger,Current,
Kia,Telluride,Current,
Kia,EV3,Missing - Popular,New 2025 compact EV; early US shipments beginning
Kia,K4,Missing - Popular,New 2025 sedan replacing Forte in many markets
Koenigsegg,,Free-text - no model dropdown,Users type model manually
Lamborghini,,Free-text - no model dropdown,Users type model manually
Lancia,,Free-text - no model dropdown,Users type model manually
Land Rover,,Free-text - no model dropdown,Users type model manually
Lexus,CT,Current,
Lexus,ES,Current,
Lexus,GS,Current,
Lexus,GX,Current,
Lexus,HS,Current,
Lexus,IS,Current,
Lexus,IS F,Current,
Lexus,LC,Current,
Lexus,LFA,Current,
Lexus,LS,Current,
Lexus,LX,Current,
Lexus,NX,Current,
Lexus,RC,Current,
Lexus,RC F,Current,
Lexus,RX,Current,
Lexus,RZ,Current,
Lexus,SC,Current,
Lexus,TX,Current,
Lexus,UX,Current,
Lexus,GX 550,Missing - Popular,Redesigned 2024; customers search this name specifically
Lexus,NX 450h+,Missing - Popular,Plug-in hybrid variant; separate customer searches
Lexus,RX 500h,Missing - Popular,Performance hybrid; distinct from base RX
Lincoln,,Free-text - no model dropdown,Users type model manually
Lotus,,Free-text - no model dropdown,Users type model manually
Lucid,,Free-text - no model dropdown,Users type model manually
Maserati,,Free-text - no model dropdown,Users type model manually
Maybach,,Free-text - no model dropdown,Users type model manually
Mazda,,Free-text - no model dropdown,Users type model manually
McLaren,,Free-text - no model dropdown,Users type model manually
Mercedes,,Free-text - no model dropdown,Users type model manually
Mercedes-Benz,,Free-text - no model dropdown,Users type model manually
Mercury,,Free-text - no model dropdown,Users type model manually
Mini,,Free-text - no model dropdown,Users type model manually
Mitsubishi,,Free-text - no model dropdown,Users type model manually
Nissan,Altima,Current,
Nissan,Altima Coupe,Current,
Nissan,Armada,Current,
Nissan,Cube,Current,
Nissan,Frontier,Current,
Nissan,GT-R,Current,
Nissan,Juke,Current,
Nissan,Kicks,Current,
Nissan,Leaf,Current,
Nissan,Maxima,Current,
Nissan,Murano,Current,
Nissan,Murano CrossCabriolet,Current,
Nissan,NV200,Current,
Nissan,NV1500 Cargo Van,Current,
Nissan,NV2500 HD Cargo Van,Current,
Nissan,NV3500 HD Cargo Van,Current,
Nissan,Pathfinder,Current,
Nissan,Quest,Current,
Nissan,Rogue,Current,
Nissan,Rogue Sport,Current,
Nissan,Sentra,Current,
Nissan,Titan,Current,
Nissan,Titan XD,Current,
Nissan,Versa,Current,
Nissan,Xterra,Current,
Nissan,Z (350Z 370Z 400Z),Current,
Nissan,240SX,Current,
Nissan,300ZX,Current,
Nissan,Ariya,Missing - Popular,2023 EV crossover; high shipping demand from dealers
Nissan,Rogue Sport (Qashqai),Missing - Popular,Customers sometimes search Qashqai by name
Nissan,Terra,Missing - Popular,Pickup truck variant; some US market deliveries
Oldsmobile,,Free-text - no model dropdown,Users type model manually
Opel,,Free-text - no model dropdown,Users type model manually
Peugeot,,Free-text - no model dropdown,Users type model manually
Plymouth,,Free-text - no model dropdown,Users type model manually
Polestar,,Free-text - no model dropdown,Users type model manually
Pontiac,,Free-text - no model dropdown,Users type model manually
Porsche,,Free-text - no model dropdown,Users type model manually
RAM,1500,Current,
RAM,2500,Current,
RAM,3500,Current,
RAM,ProMaster,Current,
Ram,4500 Cutaway,Current,
Ram,5500 Cutaway,Current,
Ram,ProMaster 1500 Cargo Van,Current,
Ram,ProMaster 2500 Cargo Van,Current,
Ram,ProMaster 3500 Cargo Van,Current,
Ram,ProMaster Cutaway,Current,
Ram,ProMaster City,Missing - Popular,Compact cargo van; discontinued 2022 but still shipped
Ram,1500 TRX,Missing - Popular,Performance variant; customers search specifically by name
Renault,,Free-text - no model dropdown,Users type model manually
Rivian,,Free-text - no model dropdown,Users type model manually
Rolls-Royce,,Free-text - no model dropdown,Users type model manually
Saab,,Free-text - no model dropdown,Users type model manually
Saleen,,Free-text - no model dropdown,Users type model manually
Saturn,,Free-text - no model dropdown,Users type model manually
Scion,,Free-text - no model dropdown,Users type model manually
Seat,,Free-text - no model dropdown,Users type model manually
Skoda,,Free-text - no model dropdown,Users type model manually
Smart,,Free-text - no model dropdown,Users type model manually
Spyker,,Free-text - no model dropdown,Users type model manually
Subaru,Ascent,Current,
Subaru,Baja,Current,
Subaru,BRZ,Current,
Subaru,Crosstrek,Current,
Subaru,Forester,Current,
Subaru,Impreza,Current,
Subaru,Legacy,Current,
Subaru,Outback,Current,
Subaru,Solterra,Current,
Subaru,SVX,Current,
Subaru,Tribeca,Current,
Subaru,WRX,Current,
Subaru,WRX STI,Current,
Subaru,XT,Current,
Subaru,Crosstrek Wilderness,Missing - Popular,Distinct trim with separate customer searches
Subaru,Outback Wilderness,Missing - Popular,Distinct trim with separate customer searches
Subaru,Impreza WRX,Missing - Popular,Older generation branding still searched by customers
Suzuki,,Free-text - no model dropdown,Users type model manually
Tata,,Free-text - no model dropdown,Users type model manually
Tesla,Cybertruck,Current,
Tesla,Model 3,Current,
Tesla,Model S,Current,
Tesla,Model X,Current,
Tesla,Model Y,Current,
Tesla,Roadster,Missing - Popular,Original 2008-2012 roadster; classic; frequently shipped
Tesla,Semi,Missing - Popular,Commercial truck; some private buyers and fleet shipping
Toyota,4Runner,Current,
Toyota,Avalon,Current,
Toyota,bZ4X,Current,
Toyota,Camry,Current,
Toyota,Camry Hybrid,Current,
Toyota,Celica,Current,
Toyota,Corolla,Current,
Toyota,Corolla Cross,Current,
Toyota,Corolla Cross Hybrid,Current,
Toyota,Corolla Hatchback,Current,
Toyota,Crown,Current,
Toyota,FJ Cruiser,Current,
Toyota,GR Corolla,Current,
Toyota,GR86,Current,
Toyota,GR Supra,Current,
Toyota,Grand Highlander,Current,
Toyota,Grand Highlander Hybrid,Current,
Toyota,Highlander,Current,
Toyota,Highlander Hybrid,Current,
Toyota,Land Cruiser,Current,
Toyota,Matrix,Current,
Toyota,Mirai,Current,
Toyota,MR2,Current,
Toyota,Prius,Current,
Toyota,Prius Prime,Current,
Toyota,RAV4,Current,
Toyota,RAV4 Hybrid,Current,
Toyota,RAV4 Prime,Current,
Toyota,Sequoia,Current,
Toyota,Sienna,Current,
Toyota,Supra,Current,
Toyota,Tacoma,Current,
Toyota,Tundra,Current,
Toyota,Venza,Current,
Toyota,Yaris,Current,
Toyota,C-HR,Missing - Popular,Discontinued 2022; large existing fleet; frequently shipped
Toyota,Echo,Missing - Popular,Classic compact; many still on road; customer requests
Toyota,Tercel,Missing - Popular,Classic entry-level; collector and daily-driver shipping
Toyota,Previa,Missing - Popular,Iconic minivan; collector shipping requests
Toyota,Pickup (Pre-Tacoma),Missing - Popular,1972-1995 Toyota Truck; classic vehicle transport common
Toyota,bZ3X,Missing - Popular,New 2024 compact EV crossover
Toyota,Crown Signia,Missing - Popular,New 2024 wagon/crossover variant of Crown
Volkswagen,Arteon,Current,
Volkswagen,Atlas,Current,
Volkswagen,Atlas Cross Sport,Current,
Volkswagen,Beetle,Current,
Volkswagen,CC,Current,
Volkswagen,Corrado,Current,
Volkswagen,Eos,Current,
Volkswagen,Golf,Current,
Volkswagen,Golf GTI,Current,
Volkswagen,Golf R,Current,
Volkswagen,ID.4,Current,
Volkswagen,ID.Buzz,Current,
Volkswagen,Jetta,Current,
Volkswagen,Jetta GLI,Current,
Volkswagen,Karmann Ghia,Current,
Volkswagen,Passat,Current,
Volkswagen,Phaeton,Current,
Volkswagen,Rabbit,Current,
Volkswagen,Routan,Current,
Volkswagen,Taos,Current,
Volkswagen,Tiguan,Current,
Volkswagen,Touareg,Current,
Volkswagen,ID.3,Missing - Popular,European model; cross-border relocation shipping
Volkswagen,ID.5,Missing - Popular,Coupe-SUV version of ID.4; dealers shipping to US
Volkswagen,Golf Alltrack,Missing - Popular,Wagon variant; discontinued 2019 but still ships
VinFast,,Free-text - no model dropdown,Users type model manually
Volvo,,Free-text - no model dropdown,Users type model manually
Yugo,,Free-text - no model dropdown,Users type model manually
