Make,Model,Notes
"Toyota","4Runner","has dropdown"
"Toyota","Avalon","has dropdown"
"Toyota","bZ3X","has dropdown"
"Toyota","bZ4X","has dropdown"
"Toyota","Camry","has dropdown"
"Toyota","Camry Hybrid","has dropdown"
"Toyota","Celica","has dropdown"
"Toyota","C-HR","has dropdown"
"Toyota","Corolla","has dropdown"
"Toyota","Corolla Cross","has dropdown"
"Toyota","Corolla Cross Hybrid","has dropdown"
"Toyota","Corolla Hatchback","has dropdown"
"Toyota","Crown","has dropdown"
"Toyota","Crown Signia","has dropdown"
"Toyota","Echo","has dropdown"
"Toyota","FJ Cruiser","has dropdown"
"Toyota","GR Corolla","has dropdown"
"Toyota","GR86","has dropdown"
"Toyota","GR Supra","has dropdown"
"Toyota","Grand Highlander","has dropdown"
"Toyota","Grand Highlander Hybrid","has dropdown"
"Toyota","Highlander","has dropdown"
"Toyota","Highlander Hybrid","has dropdown"
"Toyota","Land Cruiser","has dropdown"
"Toyota","Matrix","has dropdown"
"Toyota","Mirai","has dropdown"
"Toyota","MR2","has dropdown"
"Toyota","Pickup (Pre-Tacoma)","has dropdown"
"Toyota","Previa","has dropdown"
"Toyota","Prius","has dropdown"
"Toyota","Prius Prime","has dropdown"
"Toyota","RAV4","has dropdown"
"Toyota","RAV4 Hybrid","has dropdown"
"Toyota","RAV4 Prime","has dropdown"
"Toyota","Sequoia","has dropdown"
"Toyota","Sienna","has dropdown"
"Toyota","Supra","has dropdown"
"Toyota","Tacoma","has dropdown"
"Toyota","Tercel","has dropdown"
"Toyota","Tundra","has dropdown"
"Toyota","Venza","has dropdown"
"Toyota","Yaris","has dropdown"
"Honda","Accord","has dropdown"
"Honda","Accord Hybrid","has dropdown"
"Honda","Accord Plug-In Hybrid","has dropdown"
"Honda","Civic","has dropdown"
"Honda","Civic Hybrid","has dropdown"
"Honda","Clarity","has dropdown"
"Honda","Clarity EV","has dropdown"
"Honda","CR-V","has dropdown"
"Honda","CR-Z","has dropdown"
"Honda","Crosstour","has dropdown"
"Honda","del Sol","has dropdown"
"Honda","Element","has dropdown"
"Honda","Fit","has dropdown"
"Honda","HR-V","has dropdown"
"Honda","Insight","has dropdown"
"Honda","Insight Hybrid","has dropdown"
"Honda","Legend","has dropdown"
"Honda","NSX","has dropdown"
"Honda","Odyssey","has dropdown"
"Honda","Passport","has dropdown"
"Honda","Pilot","has dropdown"
"Honda","Prelude","has dropdown"
"Honda","Prologue","has dropdown"
"Honda","Ridgeline","has dropdown"
"Honda","S2000","has dropdown"
"Honda","ZR-V","has dropdown"
"Ford","Aerostar","has dropdown"
"Ford","Aspire","has dropdown"
"Ford","Bronco","has dropdown"
"Ford","Bronco Sport","has dropdown"
"Ford","C-Max","has dropdown"
"Ford","Chateau","has dropdown"
"Ford","Club Wagon","has dropdown"
"Ford","Contour","has dropdown"
"Ford","Courier","has dropdown"
"Ford","Crown Victoria","has dropdown"
"Ford","Custom Van","has dropdown"
"Ford","E-350 Cutaway","has dropdown"
"Ford","E-450 Cutaway","has dropdown"
"Ford","E-Series","has dropdown"
"Ford","EcoSport","has dropdown"
"Ford","Edge","has dropdown"
"Ford","E-Transit","has dropdown"
"Ford","Escape","has dropdown"
"Ford","Escort","has dropdown"
"Ford","Expedition","has dropdown"
"Ford","Expedition Max","has dropdown"
"Ford","Explorer","has dropdown"
"Ford","Explorer Sport Trac","has dropdown"
"Ford","F-150","has dropdown"
"Ford","F-150 Lightning","has dropdown"
"Ford","F-250","has dropdown"
"Ford","F-350","has dropdown"
"Ford","F-450 Cutaway","has dropdown"
"Ford","F-450 F-550","has dropdown"
"Ford","F-550 Cutaway","has dropdown"
"Ford","F-600","has dropdown"
"Ford","Fairmont","has dropdown"
"Ford","Falcon","has dropdown"
"Ford","Fiesta","has dropdown"
"Ford","Five Hundred","has dropdown"
"Ford","Flex","has dropdown"
"Ford","Focus","has dropdown"
"Ford","Freestyle","has dropdown"
"Ford","Fusion","has dropdown"
"Ford","Galaxie","has dropdown"
"Ford","Granada","has dropdown"
"Ford","LTD","has dropdown"
"Ford","Maverick 1970s","has dropdown"
"Ford","Maverick 2022","has dropdown"
"Ford","Mustang","has dropdown"
"Ford","Mustang Mach-E","has dropdown"
"Ford","Pinto","has dropdown"
"Ford","Probe","has dropdown"
"Ford","Ranger","has dropdown"
"Ford","Super Duty Series","has dropdown"
"Ford","Taurus","has dropdown"
"Ford","Tempo","has dropdown"
"Ford","Thunderbird","has dropdown"
"Ford","Transit","has dropdown"
"Ford","Transit Cargo Van","has dropdown"
"Ford","Transit Connect","has dropdown"
"Ford","Transit Cutaway","has dropdown"
"Ford","Windstar","has dropdown"
"Chevrolet","Astro","has dropdown"
"Chevrolet","Avalanche","has dropdown"
"Chevrolet","Aveo","has dropdown"
"Chevrolet","Bel Air","has dropdown"
"Chevrolet","Biscayne","has dropdown"
"Chevrolet","Blazer","has dropdown"
"Chevrolet","Blazer EV","has dropdown"
"Chevrolet","Bolt EV EUV","has dropdown"
"Chevrolet","C K Series","has dropdown"
"Chevrolet","Camaro","has dropdown"
"Chevrolet","Caprice","has dropdown"
"Chevrolet","Captiva Sport","has dropdown"
"Chevrolet","Cavalier","has dropdown"
"Chevrolet","Celebrity","has dropdown"
"Chevrolet","Chevelle","has dropdown"
"Chevrolet","Citation","has dropdown"
"Chevrolet","City Express","has dropdown"
"Chevrolet","Cobalt","has dropdown"
"Chevrolet","Colorado","has dropdown"
"Chevrolet","Corsica","has dropdown"
"Chevrolet","Corvette","has dropdown"
"Chevrolet","Cruze","has dropdown"
"Chevrolet","El Camino","has dropdown"
"Chevrolet","Equinox","has dropdown"
"Chevrolet","Equinox EV","has dropdown"
"Chevrolet","Express","has dropdown"
"Chevrolet","Express 3500 Cutaway","has dropdown"
"Chevrolet","Express 4500 Cutaway","has dropdown"
"Chevrolet","Express Cargo Van","has dropdown"
"Chevrolet","G-Series Van","has dropdown"
"Chevrolet","HHR","has dropdown"
"Chevrolet","Impala","has dropdown"
"Chevrolet","Lumina","has dropdown"
"Chevrolet","Lumina APV","has dropdown"
"Chevrolet","LUV","has dropdown"
"Chevrolet","Malibu","has dropdown"
"Chevrolet","Metro","has dropdown"
"Chevrolet","Montana","has dropdown"
"Chevrolet","Monza","has dropdown"
"Chevrolet","Nova","has dropdown"
"Chevrolet","S-10","has dropdown"
"Chevrolet","Silverado","has dropdown"
"Chevrolet","Silverado 1500","has dropdown"
"Chevrolet","Silverado 2500HD","has dropdown"
"Chevrolet","Silverado 3500HD","has dropdown"
"Chevrolet","Silverado EV","has dropdown"
"Chevrolet","Sonic","has dropdown"
"Chevrolet","Spark","has dropdown"
"Chevrolet","SS","has dropdown"
"Chevrolet","SSR","has dropdown"
"Chevrolet","Suburban","has dropdown"
"Chevrolet","Tahoe","has dropdown"
"Chevrolet","Tracker","has dropdown"
"Chevrolet","Trailblazer","has dropdown"
"Chevrolet","Traverse","has dropdown"
"Chevrolet","Trax","has dropdown"
"Chevrolet","Uplander","has dropdown"
"Chevrolet","Vega","has dropdown"
"Chevrolet","Venture","has dropdown"
"Chevrolet","Volt","has dropdown"
"BMW","1 Series","has dropdown"
"BMW","2 Series","has dropdown"
"BMW","3 Series","has dropdown"
"BMW","4 Series","has dropdown"
"BMW","5 Series","has dropdown"
"BMW","6 Series","has dropdown"
"BMW","7 Series","has dropdown"
"BMW","8 Series","has dropdown"
"BMW","Z3","has dropdown"
"BMW","Z4","has dropdown"
"BMW","Z8","has dropdown"
"BMW","X1","has dropdown"
"BMW","X2","has dropdown"
"BMW","X3","has dropdown"
"BMW","X4","has dropdown"
"BMW","X5","has dropdown"
"BMW","X6","has dropdown"
"BMW","X7","has dropdown"
"BMW","XM","has dropdown"
"BMW","i3","has dropdown"
"BMW","i4","has dropdown"
"BMW","i5","has dropdown"
"BMW","i7","has dropdown"
"BMW","i8","has dropdown"
"BMW","iX","has dropdown"
"BMW","iX1","has dropdown"
"BMW","iX3","has dropdown"
"BMW","M1","has dropdown"
"BMW","M2","has dropdown"
"BMW","M235i","has dropdown"
"BMW","M3","has dropdown"
"BMW","M340i","has dropdown"
"BMW","M4","has dropdown"
"BMW","M5","has dropdown"
"BMW","M550i","has dropdown"
"BMW","M6","has dropdown"
"BMW","M8","has dropdown"
"BMW","X3M","has dropdown"
"BMW","X4M","has dropdown"
"BMW","X5M","has dropdown"
"BMW","X6M","has dropdown"
"Audi","A1","has dropdown"
"Audi","A3","has dropdown"
"Audi","A4","has dropdown"
"Audi","A4 allroad","has dropdown"
"Audi","A5","has dropdown"
"Audi","A5 Cabriolet","has dropdown"
"Audi","A6","has dropdown"
"Audi","A7","has dropdown"
"Audi","A8","has dropdown"
"Audi","e-tron","has dropdown"
"Audi","e-tron GT","has dropdown"
"Audi","Q2","has dropdown"
"Audi","Q3","has dropdown"
"Audi","Q4 e-tron","has dropdown"
"Audi","Q5","has dropdown"
"Audi","Q5 Sportback","has dropdown"
"Audi","Q7","has dropdown"
"Audi","Q8","has dropdown"
"Audi","Q8 e-tron","has dropdown"
"Audi","R8","has dropdown"
"Audi","RS3","has dropdown"
"Audi","RS4","has dropdown"
"Audi","RS5","has dropdown"
"Audi","RS6 Avant","has dropdown"
"Audi","RS7","has dropdown"
"Audi","RS e-tron GT","has dropdown"
"Audi","RS Q3","has dropdown"
"Audi","RS Q8","has dropdown"
"Audi","S3","has dropdown"
"Audi","S4","has dropdown"
"Audi","S5","has dropdown"
"Audi","S5 Cabriolet","has dropdown"
"Audi","S6","has dropdown"
"Audi","S7","has dropdown"
"Audi","S8","has dropdown"
"Audi","SQ5","has dropdown"
"Audi","SQ7","has dropdown"
"Audi","SQ8","has dropdown"
"Audi","TT","has dropdown"
"Audi","TTS","has dropdown"
"Audi","TT RS","has dropdown"
"Tesla","Cybertruck","has dropdown"
"Tesla","Model 3","has dropdown"
"Tesla","Model S","has dropdown"
"Tesla","Model X","has dropdown"
"Tesla","Model Y","has dropdown"
"Tesla","Roadster","has dropdown"
"Tesla","Semi","has dropdown"
"RAM","1500","has dropdown"
"RAM","1500 TRX","has dropdown"
"RAM","2500","has dropdown"
"RAM","3500","has dropdown"
"RAM","ProMaster","has dropdown"
"Ram","4500 Cutaway","has dropdown"
"Ram","5500 Cutaway","has dropdown"
"Ram","ProMaster 1500 Cargo Van","has dropdown"
"Ram","ProMaster 2500 Cargo Van","has dropdown"
"Ram","ProMaster 3500 Cargo Van","has dropdown"
"Ram","ProMaster City","has dropdown"
"Ram","ProMaster Cutaway","has dropdown"
"GMC","Acadia","has dropdown"
"GMC","Canyon","has dropdown"
"GMC","Canyon AT4X","has dropdown"
"GMC","Envista","has dropdown"
"GMC","Envoy","has dropdown"
"GMC","Hummer EV","has dropdown"
"GMC","Hummer EV SUV","has dropdown"
"GMC","Jimmy","has dropdown"
"GMC","Safari","has dropdown"
"GMC","Savana 3500 Cutaway","has dropdown"
"GMC","Savana 4500 Cutaway","has dropdown"
"GMC","Savana Cargo Van","has dropdown"
"GMC","Savana Passenger Van","has dropdown"
"GMC","Sierra","has dropdown"
"GMC","Sierra 1500","has dropdown"
"GMC","Sierra 2500 HD","has dropdown"
"GMC","Sierra 3500 HD","has dropdown"
"GMC","Sierra EV","has dropdown"
"GMC","Sonoma","has dropdown"
"GMC","Syclone","has dropdown"
"GMC","Terrain","has dropdown"
"GMC","Typhoon","has dropdown"
"GMC","Yukon","has dropdown"
"GMC","Yukon XL","has dropdown"
"Nissan","Altima","has dropdown"
"Nissan","Altima Coupe","has dropdown"
"Nissan","Ariya","has dropdown"
"Nissan","Armada","has dropdown"
"Nissan","Cube","has dropdown"
"Nissan","Frontier","has dropdown"
"Nissan","GT-R","has dropdown"
"Nissan","Juke","has dropdown"
"Nissan","Kicks","has dropdown"
"Nissan","Leaf","has dropdown"
"Nissan","Maxima","has dropdown"
"Nissan","Murano","has dropdown"
"Nissan","Murano CrossCabriolet","has dropdown"
"Nissan","NV200","has dropdown"
"Nissan","NV1500 Cargo Van","has dropdown"
"Nissan","NV2500 HD Cargo Van","has dropdown"
"Nissan","NV3500 HD Cargo Van","has dropdown"
"Nissan","Pathfinder","has dropdown"
"Nissan","Quest","has dropdown"
"Nissan","Rogue","has dropdown"
"Nissan","Rogue Sport","has dropdown"
"Nissan","Sentra","has dropdown"
"Nissan","Terra","has dropdown"
"Nissan","Titan","has dropdown"
"Nissan","Titan XD","has dropdown"
"Nissan","Versa","has dropdown"
"Nissan","Xterra","has dropdown"
"Nissan","Z (350Z, 370Z, 400Z)","has dropdown"
"Nissan","240SX","has dropdown"
"Nissan","300ZX","has dropdown"
"Jeep","Avenger","has dropdown"
"Jeep","Cherokee","has dropdown"
"Jeep","CJ-5","has dropdown"
"Jeep","CJ-7","has dropdown"
"Jeep","Comanche","has dropdown"
"Jeep","Commander","has dropdown"
"Jeep","Compass","has dropdown"
"Jeep","Gladiator","has dropdown"
"Jeep","Grand Cherokee","has dropdown"
"Jeep","Grand Cherokee 4xe","has dropdown"
"Jeep","Grand Cherokee L","has dropdown"
"Jeep","Grand Cherokee SRT","has dropdown"
"Jeep","Grand Wagoneer","has dropdown"
"Jeep","Grand Wagoneer L","has dropdown"
"Jeep","Liberty","has dropdown"
"Jeep","Patriot","has dropdown"
"Jeep","Recon","has dropdown"
"Jeep","Renegade","has dropdown"
"Jeep","Scrambler","has dropdown"
"Jeep","Trackhawk","has dropdown"
"Jeep","Wagoneer","has dropdown"
"Jeep","Wagoneer L","has dropdown"
"Jeep","Wrangler","has dropdown"
"Jeep","Wrangler 4xe","has dropdown"
"Jeep","Wrangler Unlimited","has dropdown"
"Hyundai","Accent","has dropdown"
"Hyundai","Azera","has dropdown"
"Hyundai","Elantra","has dropdown"
"Hyundai","Elantra N","has dropdown"
"Hyundai","Entourage","has dropdown"
"Hyundai","Genesis","has dropdown"
"Hyundai","Genesis Coupe","has dropdown"
"Hyundai","Ioniq","has dropdown"
"Hyundai","Ioniq 5","has dropdown"
"Hyundai","Ioniq 5 N","has dropdown"
"Hyundai","Ioniq 6","has dropdown"
"Hyundai","Ioniq 9","has dropdown"
"Hyundai","Kona","has dropdown"
"Hyundai","Kona Electric","has dropdown"
"Hyundai","Kona N","has dropdown"
"Hyundai","Nexo","has dropdown"
"Hyundai","Palisade","has dropdown"
"Hyundai","Santa Cruz","has dropdown"
"Hyundai","Santa Fe","has dropdown"
"Hyundai","Santa Fe Hybrid","has dropdown"
"Hyundai","Santa Fe Plug-In Hybrid","has dropdown"
"Hyundai","Sonata","has dropdown"
"Hyundai","Tiburon","has dropdown"
"Hyundai","Tucson","has dropdown"
"Hyundai","Tucson Hybrid","has dropdown"
"Hyundai","Tucson Plug-In Hybrid","has dropdown"
"Hyundai","Veloster","has dropdown"
"Hyundai","Veloster N","has dropdown"
"Hyundai","Venue","has dropdown"
"Kia","Amanti","has dropdown"
"Kia","Bongo","has dropdown"
"Kia","Borrego","has dropdown"
"Kia","Cadenza","has dropdown"
"Kia","Carnival","has dropdown"
"Kia","EV3","has dropdown"
"Kia","EV5","has dropdown"
"Kia","EV6","has dropdown"
"Kia","EV9","has dropdown"
"Kia","Forte","has dropdown"
"Kia","K4","has dropdown"
"Kia","K5","has dropdown"
"Kia","K900","has dropdown"
"Kia","Mohave","has dropdown"
"Kia","Niro","has dropdown"
"Kia","Niro EV","has dropdown"
"Kia","Niro Hybrid","has dropdown"
"Kia","Niro PHEV","has dropdown"
"Kia","Optima","has dropdown"
"Kia","Optima Hybrid","has dropdown"
"Kia","Optima PHEV","has dropdown"
"Kia","Rio","has dropdown"
"Kia","Rondo","has dropdown"
"Kia","Sedona","has dropdown"
"Kia","Seltos","has dropdown"
"Kia","Sorento","has dropdown"
"Kia","Sorento Hybrid","has dropdown"
"Kia","Sorento PHEV","has dropdown"
"Kia","Soul","has dropdown"
"Kia","Soul EV","has dropdown"
"Kia","Spectra","has dropdown"
"Kia","Sportage","has dropdown"
"Kia","Sportage Hybrid","has dropdown"
"Kia","Stinger","has dropdown"
"Kia","Telluride","has dropdown"
"Volkswagen","Arteon","has dropdown"
"Volkswagen","Atlas","has dropdown"
"Volkswagen","Atlas Cross Sport","has dropdown"
"Volkswagen","Beetle","has dropdown"
"Volkswagen","CC","has dropdown"
"Volkswagen","Corrado","has dropdown"
"Volkswagen","Eos","has dropdown"
"Volkswagen","Golf","has dropdown"
"Volkswagen","Golf Alltrack","has dropdown"
"Volkswagen","Golf GTI","has dropdown"
"Volkswagen","Golf R","has dropdown"
"Volkswagen","ID.3","has dropdown"
"Volkswagen","ID.4","has dropdown"
"Volkswagen","ID.5","has dropdown"
"Volkswagen","ID.Buzz","has dropdown"
"Volkswagen","Jetta","has dropdown"
"Volkswagen","Jetta GLI","has dropdown"
"Volkswagen","Karmann Ghia","has dropdown"
"Volkswagen","Passat","has dropdown"
"Volkswagen","Phaeton","has dropdown"
"Volkswagen","Rabbit","has dropdown"
"Volkswagen","Routan","has dropdown"
"Volkswagen","Taos","has dropdown"
"Volkswagen","Tiguan","has dropdown"
"Volkswagen","Touareg","has dropdown"
"Subaru","Ascent","has dropdown"
"Subaru","Baja","has dropdown"
"Subaru","BRZ","has dropdown"
"Subaru","Crosstrek","has dropdown"
"Subaru","Crosstrek Wilderness","has dropdown"
"Subaru","Forester","has dropdown"
"Subaru","Impreza","has dropdown"
"Subaru","Impreza WRX","has dropdown"
"Subaru","Legacy","has dropdown"
"Subaru","Outback","has dropdown"
"Subaru","Outback Wilderness","has dropdown"
"Subaru","Solterra","has dropdown"
"Subaru","SVX","has dropdown"
"Subaru","Tribeca","has dropdown"
"Subaru","WRX","has dropdown"
"Subaru","WRX STI","has dropdown"
"Subaru","XT","has dropdown"
"Lexus","CT","has dropdown"
"Lexus","ES","has dropdown"
"Lexus","GS","has dropdown"
"Lexus","GX","has dropdown"
"Lexus","GX 550","has dropdown"
"Lexus","HS","has dropdown"
"Lexus","IS","has dropdown"
"Lexus","IS F","has dropdown"
"Lexus","LC","has dropdown"
"Lexus","LFA","has dropdown"
"Lexus","LS","has dropdown"
"Lexus","LX","has dropdown"
"Lexus","NX","has dropdown"
"Lexus","NX 450h+","has dropdown"
"Lexus","RC","has dropdown"
"Lexus","RC F","has dropdown"
"Lexus","RX","has dropdown"
"Lexus","RX 500h","has dropdown"
"Lexus","RZ","has dropdown"
"Lexus","SC","has dropdown"
"Lexus","TX","has dropdown"
"Lexus","UX","has dropdown"
"Dodge","400","has dropdown"
"Dodge","600","has dropdown"
"Dodge","Aries K-car","has dropdown"
"Dodge","Aspen","has dropdown"
"Dodge","Avenger","has dropdown"
"Dodge","B-Series Van","has dropdown"
"Dodge","Caravan","has dropdown"
"Dodge","Challenger","has dropdown"
"Dodge","Charger","has dropdown"
"Dodge","Coronet","has dropdown"
"Dodge","D100 D150","has dropdown"
"Dodge","D200 D250","has dropdown"
"Dodge","D300 D350","has dropdown"
"Dodge","Dakota","has dropdown"
"Dodge","Dart","has dropdown"
"Dodge","Daytona","has dropdown"
"Dodge","Demon","has dropdown"
"Dodge","Diplomat","has dropdown"
"Dodge","Durango","has dropdown"
"Dodge","Dynasty","has dropdown"
"Dodge","Grand Caravan","has dropdown"
"Dodge","Hornet","has dropdown"
"Dodge","Intrepid","has dropdown"
"Dodge","Journey","has dropdown"
"Dodge","Lancer 1980s","has dropdown"
"Dodge","Lil Red Express Truck","has dropdown"
"Dodge","Mini Ram Van","has dropdown"
"Dodge","Mirada","has dropdown"
"Dodge","Monaco","has dropdown"
"Dodge","Neon","has dropdown"
"Dodge","Nitro","has dropdown"
"Dodge","Omni","has dropdown"
"Dodge","Polara","has dropdown"
"Dodge","Power Wagon","has dropdown"
"Dodge","Raider","has dropdown"
"Dodge","Ram","has dropdown"
"Dodge","Ram 1500","has dropdown"
"Dodge","Ram 2500","has dropdown"
"Dodge","Ram 3500","has dropdown"
"Dodge","Ram Van","has dropdown"
"Dodge","Ramcharger","has dropdown"
"Dodge","Rampage","has dropdown"
"Dodge","Spirit","has dropdown"
"Dodge","Sportsman","has dropdown"
"Dodge","Sprinter","has dropdown"
"Dodge","Stealth","has dropdown"
"Dodge","Stratus","has dropdown"
"Dodge","Super Bee","has dropdown"
"Dodge","Tradesman","has dropdown"
"Dodge","Viper","has dropdown"
"Dodge","Wagoneer","has dropdown"
"Dodge","Warlock","has dropdown"
"Acura","(free text — no dropdown)","free text input"
"Alfa Romeo","(free text — no dropdown)","free text input"
"Aston Martin","(free text — no dropdown)","free text input"
"Bentley","(free text — no dropdown)","free text input"
"Bugatti","(free text — no dropdown)","free text input"
"Buick","(free text — no dropdown)","free text input"
"Cadillac","(free text — no dropdown)","free text input"
"Chrysler","(free text — no dropdown)","free text input"
"Citroën","(free text — no dropdown)","free text input"
"Dacia","(free text — no dropdown)","free text input"
"Daewoo","(free text — no dropdown)","free text input"
"Daihatsu","(free text — no dropdown)","free text input"
"Eagle","(free text — no dropdown)","free text input"
"Ferrari","(free text — no dropdown)","free text input"
"Fiat","(free text — no dropdown)","free text input"
"Fisker","(free text — no dropdown)","free text input"
"Genesis","(free text — no dropdown)","free text input"
"Geo","(free text — no dropdown)","free text input"
"Hummer","(free text — no dropdown)","free text input"
"Infiniti","(free text — no dropdown)","free text input"
"International","(free text — no dropdown)","free text input"
"Isuzu","(free text — no dropdown)","free text input"
"Jaguar","(free text — no dropdown)","free text input"
"Karma","(free text — no dropdown)","free text input"
"Koenigsegg","(free text — no dropdown)","free text input"
"Lamborghini","(free text — no dropdown)","free text input"
"Lancia","(free text — no dropdown)","free text input"
"Land Rover","(free text — no dropdown)","free text input"
"Lincoln","(free text — no dropdown)","free text input"
"Lotus","(free text — no dropdown)","free text input"
"Lucid","(free text — no dropdown)","free text input"
"Maserati","(free text — no dropdown)","free text input"
"Maybach","(free text — no dropdown)","free text input"
"Mazda","(free text — no dropdown)","free text input"
"McLaren","(free text — no dropdown)","free text input"
"Mercedes","(free text — no dropdown)","free text input"
"Mercedes-Benz","(free text — no dropdown)","free text input"
"Mercury","(free text — no dropdown)","free text input"
"Mini","(free text — no dropdown)","free text input"
"Mitsubishi","(free text — no dropdown)","free text input"
"Oldsmobile","(free text — no dropdown)","free text input"
"Opel","(free text — no dropdown)","free text input"
"Peugeot","(free text — no dropdown)","free text input"
"Plymouth","(free text — no dropdown)","free text input"
"Polestar","(free text — no dropdown)","free text input"
"Pontiac","(free text — no dropdown)","free text input"
"Porsche","(free text — no dropdown)","free text input"
"Renault","(free text — no dropdown)","free text input"
"Rivian","(free text — no dropdown)","free text input"
"Rolls-Royce","(free text — no dropdown)","free text input"
"Saab","(free text — no dropdown)","free text input"
"Saleen","(free text — no dropdown)","free text input"
"Saturn","(free text — no dropdown)","free text input"
"Scion","(free text — no dropdown)","free text input"
"Seat","(free text — no dropdown)","free text input"
"Skoda","(free text — no dropdown)","free text input"
"Smart","(free text — no dropdown)","free text input"
"Spyker","(free text — no dropdown)","free text input"
"Suzuki","(free text — no dropdown)","free text input"
"Tata","(free text — no dropdown)","free text input"
"VinFast","(free text — no dropdown)","free text input"
"Volvo","(free text — no dropdown)","free text input"
"Yugo","(free text — no dropdown)","free text input"