SECTION,YEAR_RANGE,MAKE,MODEL,NOTES

"=== SECTION 1: MAKES WITH FULL MODEL DROPDOWNS IN APP ===","","","",""
"IN APP - HAS DROPDOWN","1940-2026","Toyota","4Runner",""
"IN APP - HAS DROPDOWN","1940-2026","Toyota","Avalon",""
"IN APP - HAS DROPDOWN","1940-2026","Toyota","bZ4X",""
"IN APP - HAS DROPDOWN","1940-2026","Toyota","Camry",""
"IN APP - HAS DROPDOWN","1940-2026","Toyota","Camry Hybrid",""
"IN APP - HAS DROPDOWN","1940-2026","Toyota","Celica",""
"IN APP - HAS DROPDOWN","1940-2026","Toyota","Corolla",""
"IN APP - HAS DROPDOWN","1940-2026","Toyota","Corolla Cross",""
"IN APP - HAS DROPDOWN","1940-2026","Toyota","Corolla Cross Hybrid",""
"IN APP - HAS DROPDOWN","1940-2026","Toyota","Corolla Hatchback",""
"IN APP - HAS DROPDOWN","1940-2026","Toyota","Crown",""
"IN APP - HAS DROPDOWN","1940-2026","Toyota","FJ Cruiser",""
"IN APP - HAS DROPDOWN","1940-2026","Toyota","GR Corolla",""
"IN APP - HAS DROPDOWN","1940-2026","Toyota","GR86",""
"IN APP - HAS DROPDOWN","1940-2026","Toyota","GR Supra",""
"IN APP - HAS DROPDOWN","1940-2026","Toyota","Grand Highlander",""
"IN APP - HAS DROPDOWN","1940-2026","Toyota","Grand Highlander Hybrid",""
"IN APP - HAS DROPDOWN","1940-2026","Toyota","Highlander",""
"IN APP - HAS DROPDOWN","1940-2026","Toyota","Highlander Hybrid",""
"IN APP - HAS DROPDOWN","1940-2026","Toyota","Land Cruiser",""
"IN APP - HAS DROPDOWN","1940-2026","Toyota","Matrix",""
"IN APP - HAS DROPDOWN","1940-2026","Toyota","Mirai",""
"IN APP - HAS DROPDOWN","1940-2026","Toyota","MR2",""
"IN APP - HAS DROPDOWN","1940-2026","Toyota","Prius",""
"IN APP - HAS DROPDOWN","1940-2026","Toyota","Prius Prime",""
"IN APP - HAS DROPDOWN","1940-2026","Toyota","RAV4",""
"IN APP - HAS DROPDOWN","1940-2026","Toyota","RAV4 Hybrid",""
"IN APP - HAS DROPDOWN","1940-2026","Toyota","RAV4 Prime",""
"IN APP - HAS DROPDOWN","1940-2026","Toyota","Sequoia",""
"IN APP - HAS DROPDOWN","1940-2026","Toyota","Sienna",""
"IN APP - HAS DROPDOWN","1940-2026","Toyota","Supra",""
"IN APP - HAS DROPDOWN","1940-2026","Toyota","Tacoma",""
"IN APP - HAS DROPDOWN","1940-2026","Toyota","Tundra",""
"IN APP - HAS DROPDOWN","1940-2026","Toyota","Venza",""
"IN APP - HAS DROPDOWN","1940-2026","Toyota","Yaris",""
"IN APP - HAS DROPDOWN","1940-2026","Honda","Accord",""
"IN APP - HAS DROPDOWN","1940-2026","Honda","Accord Hybrid",""
"IN APP - HAS DROPDOWN","1940-2026","Honda","Civic",""
"IN APP - HAS DROPDOWN","1940-2026","Honda","Civic Hybrid",""
"IN APP - HAS DROPDOWN","1940-2026","Honda","Clarity",""
"IN APP - HAS DROPDOWN","1940-2026","Honda","Clarity EV",""
"IN APP - HAS DROPDOWN","1940-2026","Honda","CR-V",""
"IN APP - HAS DROPDOWN","1940-2026","Honda","CR-Z",""
"IN APP - HAS DROPDOWN","1940-2026","Honda","Crosstour",""
"IN APP - HAS DROPDOWN","1940-2026","Honda","Element",""
"IN APP - HAS DROPDOWN","1940-2026","Honda","Fit",""
"IN APP - HAS DROPDOWN","1940-2026","Honda","HR-V",""
"IN APP - HAS DROPDOWN","1940-2026","Honda","Insight",""
"IN APP - HAS DROPDOWN","1940-2026","Honda","Insight Hybrid",""
"IN APP - HAS DROPDOWN","1940-2026","Honda","Legend",""
"IN APP - HAS DROPDOWN","1940-2026","Honda","NSX",""
"IN APP - HAS DROPDOWN","1940-2026","Honda","Odyssey",""
"IN APP - HAS DROPDOWN","1940-2026","Honda","Passport",""
"IN APP - HAS DROPDOWN","1940-2026","Honda","Pilot",""
"IN APP - HAS DROPDOWN","1940-2026","Honda","Prelude",""
"IN APP - HAS DROPDOWN","1940-2026","Honda","Prologue",""
"IN APP - HAS DROPDOWN","1940-2026","Honda","Ridgeline",""
"IN APP - HAS DROPDOWN","1940-2026","Honda","S2000",""
"IN APP - HAS DROPDOWN","1940-2026","Honda","ZR-V",""
"IN APP - HAS DROPDOWN","1940-2026","Ford","Aerostar",""
"IN APP - HAS DROPDOWN","1940-2026","Ford","Aspire",""
"IN APP - HAS DROPDOWN","1940-2026","Ford","Bronco",""
"IN APP - HAS DROPDOWN","1940-2026","Ford","Bronco Sport",""
"IN APP - HAS DROPDOWN","1940-2026","Ford","C-Max",""
"IN APP - HAS DROPDOWN","1940-2026","Ford","Chateau",""
"IN APP - HAS DROPDOWN","1940-2026","Ford","Club Wagon",""
"IN APP - HAS DROPDOWN","1940-2026","Ford","Contour",""
"IN APP - HAS DROPDOWN","1940-2026","Ford","Courier",""
"IN APP - HAS DROPDOWN","1940-2026","Ford","Crown Victoria",""
"IN APP - HAS DROPDOWN","1940-2026","Ford","Custom Van",""
"IN APP - HAS DROPDOWN","1940-2026","Ford","E-350 Cutaway",""
"IN APP - HAS DROPDOWN","1940-2026","Ford","E-450 Cutaway",""
"IN APP - HAS DROPDOWN","1940-2026","Ford","E-Series",""
"IN APP - HAS DROPDOWN","1940-2026","Ford","EcoSport",""
"IN APP - HAS DROPDOWN","1940-2026","Ford","Edge",""
"IN APP - HAS DROPDOWN","1940-2026","Ford","Escape",""
"IN APP - HAS DROPDOWN","1940-2026","Ford","Escort",""
"IN APP - HAS DROPDOWN","1940-2026","Ford","Expedition",""
"IN APP - HAS DROPDOWN","1940-2026","Ford","Explorer",""
"IN APP - HAS DROPDOWN","1940-2026","Ford","Explorer Sport Trac",""
"IN APP - HAS DROPDOWN","1940-2026","Ford","F-150",""
"IN APP - HAS DROPDOWN","1940-2026","Ford","F-150 Lightning",""
"IN APP - HAS DROPDOWN","1940-2026","Ford","F-250",""
"IN APP - HAS DROPDOWN","1940-2026","Ford","F-350",""
"IN APP - HAS DROPDOWN","1940-2026","Ford","F-450 Cutaway",""
"IN APP - HAS DROPDOWN","1940-2026","Ford","F-450 F-550",""
"IN APP - HAS DROPDOWN","1940-2026","Ford","F-550 Cutaway",""
"IN APP - HAS DROPDOWN","1940-2026","Ford","Fairmont",""
"IN APP - HAS DROPDOWN","1940-2026","Ford","Falcon",""
"IN APP - HAS DROPDOWN","1940-2026","Ford","Fiesta",""
"IN APP - HAS DROPDOWN","1940-2026","Ford","Five Hundred",""
"IN APP - HAS DROPDOWN","1940-2026","Ford","Flex",""
"IN APP - HAS DROPDOWN","1940-2026","Ford","Focus",""
"IN APP - HAS DROPDOWN","1940-2026","Ford","Freestyle",""
"IN APP - HAS DROPDOWN","1940-2026","Ford","Fusion",""
"IN APP - HAS DROPDOWN","1940-2026","Ford","Galaxie",""
"IN APP - HAS DROPDOWN","1940-2026","Ford","Granada",""
"IN APP - HAS DROPDOWN","1940-2026","Ford","LTD",""
"IN APP - HAS DROPDOWN","1940-2026","Ford","Maverick 1970s",""
"IN APP - HAS DROPDOWN","1940-2026","Ford","Maverick 2022",""
"IN APP - HAS DROPDOWN","1940-2026","Ford","Mustang",""
"IN APP - HAS DROPDOWN","1940-2026","Ford","Mustang Mach-E",""
"IN APP - HAS DROPDOWN","1940-2026","Ford","Pinto",""
"IN APP - HAS DROPDOWN","1940-2026","Ford","Probe",""
"IN APP - HAS DROPDOWN","1940-2026","Ford","Ranger",""
"IN APP - HAS DROPDOWN","1940-2026","Ford","Super Duty Series",""
"IN APP - HAS DROPDOWN","1940-2026","Ford","Taurus",""
"IN APP - HAS DROPDOWN","1940-2026","Ford","Tempo",""
"IN APP - HAS DROPDOWN","1940-2026","Ford","Thunderbird",""
"IN APP - HAS DROPDOWN","1940-2026","Ford","Transit",""
"IN APP - HAS DROPDOWN","1940-2026","Ford","Transit Cargo Van",""
"IN APP - HAS DROPDOWN","1940-2026","Ford","Transit Connect",""
"IN APP - HAS DROPDOWN","1940-2026","Ford","Transit Cutaway",""
"IN APP - HAS DROPDOWN","1940-2026","Ford","Windstar",""
"IN APP - HAS DROPDOWN","1940-2026","Chevrolet","Astro",""
"IN APP - HAS DROPDOWN","1940-2026","Chevrolet","Avalanche",""
"IN APP - HAS DROPDOWN","1940-2026","Chevrolet","Aveo",""
"IN APP - HAS DROPDOWN","1940-2026","Chevrolet","Bel Air",""
"IN APP - HAS DROPDOWN","1940-2026","Chevrolet","Biscayne",""
"IN APP - HAS DROPDOWN","1940-2026","Chevrolet","Blazer",""
"IN APP - HAS DROPDOWN","1940-2026","Chevrolet","Bolt EV EUV",""
"IN APP - HAS DROPDOWN","1940-2026","Chevrolet","C K Series",""
"IN APP - HAS DROPDOWN","1940-2026","Chevrolet","Camaro",""
"IN APP - HAS DROPDOWN","1940-2026","Chevrolet","Caprice",""
"IN APP - HAS DROPDOWN","1940-2026","Chevrolet","Captiva Sport",""
"IN APP - HAS DROPDOWN","1940-2026","Chevrolet","Cavalier",""
"IN APP - HAS DROPDOWN","1940-2026","Chevrolet","Celebrity",""
"IN APP - HAS DROPDOWN","1940-2026","Chevrolet","Chevelle",""
"IN APP - HAS DROPDOWN","1940-2026","Chevrolet","Citation",""
"IN APP - HAS DROPDOWN","1940-2026","Chevrolet","City Express",""
"IN APP - HAS DROPDOWN","1940-2026","Chevrolet","Cobalt",""
"IN APP - HAS DROPDOWN","1940-2026","Chevrolet","Colorado",""
"IN APP - HAS DROPDOWN","1940-2026","Chevrolet","Corsica",""
"IN APP - HAS DROPDOWN","1940-2026","Chevrolet","Corvette",""
"IN APP - HAS DROPDOWN","1940-2026","Chevrolet","Cruze",""
"IN APP - HAS DROPDOWN","1940-2026","Chevrolet","El Camino",""
"IN APP - HAS DROPDOWN","1940-2026","Chevrolet","Equinox",""
"IN APP - HAS DROPDOWN","1940-2026","Chevrolet","Express",""
"IN APP - HAS DROPDOWN","1940-2026","Chevrolet","Express 3500 Cutaway",""
"IN APP - HAS DROPDOWN","1940-2026","Chevrolet","Express 4500 Cutaway",""
"IN APP - HAS DROPDOWN","1940-2026","Chevrolet","Express Cargo Van",""
"IN APP - HAS DROPDOWN","1940-2026","Chevrolet","G-Series Van",""
"IN APP - HAS DROPDOWN","1940-2026","Chevrolet","HHR",""
"IN APP - HAS DROPDOWN","1940-2026","Chevrolet","Impala",""
"IN APP - HAS DROPDOWN","1940-2026","Chevrolet","Lumina",""
"IN APP - HAS DROPDOWN","1940-2026","Chevrolet","Lumina APV",""
"IN APP - HAS DROPDOWN","1940-2026","Chevrolet","LUV",""
"IN APP - HAS DROPDOWN","1940-2026","Chevrolet","Malibu",""
"IN APP - HAS DROPDOWN","1940-2026","Chevrolet","Metro",""
"IN APP - HAS DROPDOWN","1940-2026","Chevrolet","Monza",""
"IN APP - HAS DROPDOWN","1940-2026","Chevrolet","Nova",""
"IN APP - HAS DROPDOWN","1940-2026","Chevrolet","S-10",""
"IN APP - HAS DROPDOWN","1940-2026","Chevrolet","Silverado",""
"IN APP - HAS DROPDOWN","1940-2026","Chevrolet","Silverado 1500",""
"IN APP - HAS DROPDOWN","1940-2026","Chevrolet","Silverado 2500HD",""
"IN APP - HAS DROPDOWN","1940-2026","Chevrolet","Silverado 3500HD",""
"IN APP - HAS DROPDOWN","1940-2026","Chevrolet","Sonic",""
"IN APP - HAS DROPDOWN","1940-2026","Chevrolet","SS",""
"IN APP - HAS DROPDOWN","1940-2026","Chevrolet","SSR",""
"IN APP - HAS DROPDOWN","1940-2026","Chevrolet","Suburban",""
"IN APP - HAS DROPDOWN","1940-2026","Chevrolet","Tahoe",""
"IN APP - HAS DROPDOWN","1940-2026","Chevrolet","Tracker",""
"IN APP - HAS DROPDOWN","1940-2026","Chevrolet","Trailblazer",""
"IN APP - HAS DROPDOWN","1940-2026","Chevrolet","Traverse",""
"IN APP - HAS DROPDOWN","1940-2026","Chevrolet","Uplander",""
"IN APP - HAS DROPDOWN","1940-2026","Chevrolet","Vega",""
"IN APP - HAS DROPDOWN","1940-2026","Chevrolet","Venture",""
"IN APP - HAS DROPDOWN","1940-2026","Chevrolet","Volt",""
"IN APP - HAS DROPDOWN","1940-2026","BMW","1 Series",""
"IN APP - HAS DROPDOWN","1940-2026","BMW","2 Series",""
"IN APP - HAS DROPDOWN","1940-2026","BMW","3 Series",""
"IN APP - HAS DROPDOWN","1940-2026","BMW","4 Series",""
"IN APP - HAS DROPDOWN","1940-2026","BMW","5 Series",""
"IN APP - HAS DROPDOWN","1940-2026","BMW","6 Series",""
"IN APP - HAS DROPDOWN","1940-2026","BMW","7 Series",""
"IN APP - HAS DROPDOWN","1940-2026","BMW","8 Series",""
"IN APP - HAS DROPDOWN","1940-2026","BMW","Z3",""
"IN APP - HAS DROPDOWN","1940-2026","BMW","Z4",""
"IN APP - HAS DROPDOWN","1940-2026","BMW","Z8",""
"IN APP - HAS DROPDOWN","1940-2026","BMW","X1",""
"IN APP - HAS DROPDOWN","1940-2026","BMW","X2",""
"IN APP - HAS DROPDOWN","1940-2026","BMW","X3",""
"IN APP - HAS DROPDOWN","1940-2026","BMW","X4",""
"IN APP - HAS DROPDOWN","1940-2026","BMW","X5",""
"IN APP - HAS DROPDOWN","1940-2026","BMW","X6",""
"IN APP - HAS DROPDOWN","1940-2026","BMW","X7",""
"IN APP - HAS DROPDOWN","1940-2026","BMW","XM",""
"IN APP - HAS DROPDOWN","1940-2026","BMW","i3",""
"IN APP - HAS DROPDOWN","1940-2026","BMW","i4",""
"IN APP - HAS DROPDOWN","1940-2026","BMW","i5",""
"IN APP - HAS DROPDOWN","1940-2026","BMW","i7",""
"IN APP - HAS DROPDOWN","1940-2026","BMW","i8",""
"IN APP - HAS DROPDOWN","1940-2026","BMW","iX",""
"IN APP - HAS DROPDOWN","1940-2026","BMW","iX1",""
"IN APP - HAS DROPDOWN","1940-2026","BMW","iX3",""
"IN APP - HAS DROPDOWN","1940-2026","BMW","M1",""
"IN APP - HAS DROPDOWN","1940-2026","BMW","M2",""
"IN APP - HAS DROPDOWN","1940-2026","BMW","M3",""
"IN APP - HAS DROPDOWN","1940-2026","BMW","M4",""
"IN APP - HAS DROPDOWN","1940-2026","BMW","M5",""
"IN APP - HAS DROPDOWN","1940-2026","BMW","M6",""
"IN APP - HAS DROPDOWN","1940-2026","BMW","M8",""
"IN APP - HAS DROPDOWN","1940-2026","BMW","X3M",""
"IN APP - HAS DROPDOWN","1940-2026","BMW","X4M",""
"IN APP - HAS DROPDOWN","1940-2026","BMW","X5M",""
"IN APP - HAS DROPDOWN","1940-2026","BMW","X6M",""
"IN APP - HAS DROPDOWN","1940-2026","Audi","A3",""
"IN APP - HAS DROPDOWN","1940-2026","Audi","A4",""
"IN APP - HAS DROPDOWN","1940-2026","Audi","A4 allroad",""
"IN APP - HAS DROPDOWN","1940-2026","Audi","A5",""
"IN APP - HAS DROPDOWN","1940-2026","Audi","A5 Cabriolet",""
"IN APP - HAS DROPDOWN","1940-2026","Audi","A6",""
"IN APP - HAS DROPDOWN","1940-2026","Audi","A7",""
"IN APP - HAS DROPDOWN","1940-2026","Audi","A8",""
"IN APP - HAS DROPDOWN","1940-2026","Audi","e-tron",""
"IN APP - HAS DROPDOWN","1940-2026","Audi","e-tron GT",""
"IN APP - HAS DROPDOWN","1940-2026","Audi","Q3",""
"IN APP - HAS DROPDOWN","1940-2026","Audi","Q4 e-tron",""
"IN APP - HAS DROPDOWN","1940-2026","Audi","Q5",""
"IN APP - HAS DROPDOWN","1940-2026","Audi","Q5 Sportback",""
"IN APP - HAS DROPDOWN","1940-2026","Audi","Q7",""
"IN APP - HAS DROPDOWN","1940-2026","Audi","Q8",""
"IN APP - HAS DROPDOWN","1940-2026","Audi","Q8 e-tron",""
"IN APP - HAS DROPDOWN","1940-2026","Audi","R8",""
"IN APP - HAS DROPDOWN","1940-2026","Audi","RS3",""
"IN APP - HAS DROPDOWN","1940-2026","Audi","RS4",""
"IN APP - HAS DROPDOWN","1940-2026","Audi","RS5",""
"IN APP - HAS DROPDOWN","1940-2026","Audi","RS6 Avant",""
"IN APP - HAS DROPDOWN","1940-2026","Audi","RS7",""
"IN APP - HAS DROPDOWN","1940-2026","Audi","RS e-tron GT",""
"IN APP - HAS DROPDOWN","1940-2026","Audi","RS Q3",""
"IN APP - HAS DROPDOWN","1940-2026","Audi","RS Q8",""
"IN APP - HAS DROPDOWN","1940-2026","Audi","S3",""
"IN APP - HAS DROPDOWN","1940-2026","Audi","S4",""
"IN APP - HAS DROPDOWN","1940-2026","Audi","S5",""
"IN APP - HAS DROPDOWN","1940-2026","Audi","S5 Cabriolet",""
"IN APP - HAS DROPDOWN","1940-2026","Audi","S6",""
"IN APP - HAS DROPDOWN","1940-2026","Audi","S7",""
"IN APP - HAS DROPDOWN","1940-2026","Audi","S8",""
"IN APP - HAS DROPDOWN","1940-2026","Audi","SQ5",""
"IN APP - HAS DROPDOWN","1940-2026","Audi","SQ7",""
"IN APP - HAS DROPDOWN","1940-2026","Audi","SQ8",""
"IN APP - HAS DROPDOWN","1940-2026","Audi","TT",""
"IN APP - HAS DROPDOWN","1940-2026","Audi","TTS",""
"IN APP - HAS DROPDOWN","1940-2026","Audi","TT RS",""
"IN APP - HAS DROPDOWN","1940-2026","Tesla","Cybertruck",""
"IN APP - HAS DROPDOWN","1940-2026","Tesla","Model 3",""
"IN APP - HAS DROPDOWN","1940-2026","Tesla","Model S",""
"IN APP - HAS DROPDOWN","1940-2026","Tesla","Model X",""
"IN APP - HAS DROPDOWN","1940-2026","Tesla","Model Y",""
"IN APP - HAS DROPDOWN","1940-2026","RAM","1500",""
"IN APP - HAS DROPDOWN","1940-2026","RAM","2500",""
"IN APP - HAS DROPDOWN","1940-2026","RAM","3500",""
"IN APP - HAS DROPDOWN","1940-2026","RAM","ProMaster",""
"IN APP - HAS DROPDOWN","1940-2026","Ram","4500 Cutaway",""
"IN APP - HAS DROPDOWN","1940-2026","Ram","5500 Cutaway",""
"IN APP - HAS DROPDOWN","1940-2026","Ram","ProMaster 1500 Cargo Van",""
"IN APP - HAS DROPDOWN","1940-2026","Ram","ProMaster 2500 Cargo Van",""
"IN APP - HAS DROPDOWN","1940-2026","Ram","ProMaster 3500 Cargo Van",""
"IN APP - HAS DROPDOWN","1940-2026","Ram","ProMaster Cutaway",""
"IN APP - HAS DROPDOWN","1940-2026","GMC","Acadia",""
"IN APP - HAS DROPDOWN","1940-2026","GMC","Canyon",""
"IN APP - HAS DROPDOWN","1940-2026","GMC","Envoy",""
"IN APP - HAS DROPDOWN","1940-2026","GMC","Hummer EV",""
"IN APP - HAS DROPDOWN","1940-2026","GMC","Hummer EV SUV",""
"IN APP - HAS DROPDOWN","1940-2026","GMC","Jimmy",""
"IN APP - HAS DROPDOWN","1940-2026","GMC","Safari",""
"IN APP - HAS DROPDOWN","1940-2026","GMC","Savana 3500 Cutaway",""
"IN APP - HAS DROPDOWN","1940-2026","GMC","Savana 4500 Cutaway",""
"IN APP - HAS DROPDOWN","1940-2026","GMC","Savana Cargo Van",""
"IN APP - HAS DROPDOWN","1940-2026","GMC","Savana Passenger Van",""
"IN APP - HAS DROPDOWN","1940-2026","GMC","Sierra",""
"IN APP - HAS DROPDOWN","1940-2026","GMC","Sierra 1500",""
"IN APP - HAS DROPDOWN","1940-2026","GMC","Sierra 2500 HD",""
"IN APP - HAS DROPDOWN","1940-2026","GMC","Sierra 3500 HD",""
"IN APP - HAS DROPDOWN","1940-2026","GMC","Sierra EV",""
"IN APP - HAS DROPDOWN","1940-2026","GMC","Sonoma",""
"IN APP - HAS DROPDOWN","1940-2026","GMC","Syclone",""
"IN APP - HAS DROPDOWN","1940-2026","GMC","Terrain",""
"IN APP - HAS DROPDOWN","1940-2026","GMC","Typhoon",""
"IN APP - HAS DROPDOWN","1940-2026","GMC","Yukon",""
"IN APP - HAS DROPDOWN","1940-2026","GMC","Yukon XL",""
"IN APP - HAS DROPDOWN","1940-2026","Nissan","Altima",""
"IN APP - HAS DROPDOWN","1940-2026","Nissan","Altima Coupe",""
"IN APP - HAS DROPDOWN","1940-2026","Nissan","Armada",""
"IN APP - HAS DROPDOWN","1940-2026","Nissan","Cube",""
"IN APP - HAS DROPDOWN","1940-2026","Nissan","Frontier",""
"IN APP - HAS DROPDOWN","1940-2026","Nissan","GT-R",""
"IN APP - HAS DROPDOWN","1940-2026","Nissan","Juke",""
"IN APP - HAS DROPDOWN","1940-2026","Nissan","Kicks",""
"IN APP - HAS DROPDOWN","1940-2026","Nissan","Leaf",""
"IN APP - HAS DROPDOWN","1940-2026","Nissan","Maxima",""
"IN APP - HAS DROPDOWN","1940-2026","Nissan","Murano",""
"IN APP - HAS DROPDOWN","1940-2026","Nissan","Murano CrossCabriolet",""
"IN APP - HAS DROPDOWN","1940-2026","Nissan","NV200",""
"IN APP - HAS DROPDOWN","1940-2026","Nissan","NV1500 Cargo Van",""
"IN APP - HAS DROPDOWN","1940-2026","Nissan","NV2500 HD Cargo Van",""
"IN APP - HAS DROPDOWN","1940-2026","Nissan","NV3500 HD Cargo Van",""
"IN APP - HAS DROPDOWN","1940-2026","Nissan","Pathfinder",""
"IN APP - HAS DROPDOWN","1940-2026","Nissan","Quest",""
"IN APP - HAS DROPDOWN","1940-2026","Nissan","Rogue",""
"IN APP - HAS DROPDOWN","1940-2026","Nissan","Rogue Sport",""
"IN APP - HAS DROPDOWN","1940-2026","Nissan","Sentra",""
"IN APP - HAS DROPDOWN","1940-2026","Nissan","Titan",""
"IN APP - HAS DROPDOWN","1940-2026","Nissan","Titan XD",""
"IN APP - HAS DROPDOWN","1940-2026","Nissan","Versa",""
"IN APP - HAS DROPDOWN","1940-2026","Nissan","Xterra",""
"IN APP - HAS DROPDOWN","1940-2026","Nissan","Z (350Z, 370Z, 400Z)",""
"IN APP - HAS DROPDOWN","1940-2026","Nissan","240SX",""
"IN APP - HAS DROPDOWN","1940-2026","Nissan","300ZX",""
"IN APP - HAS DROPDOWN","1940-2026","Jeep","Cherokee",""
"IN APP - HAS DROPDOWN","1940-2026","Jeep","CJ-5",""
"IN APP - HAS DROPDOWN","1940-2026","Jeep","CJ-7",""
"IN APP - HAS DROPDOWN","1940-2026","Jeep","Comanche",""
"IN APP - HAS DROPDOWN","1940-2026","Jeep","Commander",""
"IN APP - HAS DROPDOWN","1940-2026","Jeep","Compass",""
"IN APP - HAS DROPDOWN","1940-2026","Jeep","Gladiator",""
"IN APP - HAS DROPDOWN","1940-2026","Jeep","Grand Cherokee",""
"IN APP - HAS DROPDOWN","1940-2026","Jeep","Grand Cherokee 4xe",""
"IN APP - HAS DROPDOWN","1940-2026","Jeep","Grand Cherokee L",""
"IN APP - HAS DROPDOWN","1940-2026","Jeep","Grand Cherokee SRT",""
"IN APP - HAS DROPDOWN","1940-2026","Jeep","Grand Wagoneer",""
"IN APP - HAS DROPDOWN","1940-2026","Jeep","Grand Wagoneer L",""
"IN APP - HAS DROPDOWN","1940-2026","Jeep","Liberty",""
"IN APP - HAS DROPDOWN","1940-2026","Jeep","Patriot",""
"IN APP - HAS DROPDOWN","1940-2026","Jeep","Renegade",""
"IN APP - HAS DROPDOWN","1940-2026","Jeep","Scrambler",""
"IN APP - HAS DROPDOWN","1940-2026","Jeep","Trackhawk",""
"IN APP - HAS DROPDOWN","1940-2026","Jeep","Wagoneer",""
"IN APP - HAS DROPDOWN","1940-2026","Jeep","Wagoneer L",""
"IN APP - HAS DROPDOWN","1940-2026","Jeep","Wrangler",""
"IN APP - HAS DROPDOWN","1940-2026","Jeep","Wrangler 4xe",""
"IN APP - HAS DROPDOWN","1940-2026","Jeep","Wrangler Unlimited",""
"IN APP - HAS DROPDOWN","1940-2026","Hyundai","Accent",""
"IN APP - HAS DROPDOWN","1940-2026","Hyundai","Azera",""
"IN APP - HAS DROPDOWN","1940-2026","Hyundai","Elantra",""
"IN APP - HAS DROPDOWN","1940-2026","Hyundai","Entourage",""
"IN APP - HAS DROPDOWN","1940-2026","Hyundai","Genesis",""
"IN APP - HAS DROPDOWN","1940-2026","Hyundai","Genesis Coupe",""
"IN APP - HAS DROPDOWN","1940-2026","Hyundai","Ioniq",""
"IN APP - HAS DROPDOWN","1940-2026","Hyundai","Ioniq 5",""
"IN APP - HAS DROPDOWN","1940-2026","Hyundai","Ioniq 6",""
"IN APP - HAS DROPDOWN","1940-2026","Hyundai","Kona",""
"IN APP - HAS DROPDOWN","1940-2026","Hyundai","Kona Electric",""
"IN APP - HAS DROPDOWN","1940-2026","Hyundai","Kona N",""
"IN APP - HAS DROPDOWN","1940-2026","Hyundai","Nexo",""
"IN APP - HAS DROPDOWN","1940-2026","Hyundai","Palisade",""
"IN APP - HAS DROPDOWN","1940-2026","Hyundai","Santa Fe",""
"IN APP - HAS DROPDOWN","1940-2026","Hyundai","Santa Fe Hybrid",""
"IN APP - HAS DROPDOWN","1940-2026","Hyundai","Santa Fe Plug-In Hybrid",""
"IN APP - HAS DROPDOWN","1940-2026","Hyundai","Sonata",""
"IN APP - HAS DROPDOWN","1940-2026","Hyundai","Tiburon",""
"IN APP - HAS DROPDOWN","1940-2026","Hyundai","Tucson",""
"IN APP - HAS DROPDOWN","1940-2026","Hyundai","Tucson Hybrid",""
"IN APP - HAS DROPDOWN","1940-2026","Hyundai","Tucson Plug-In Hybrid",""
"IN APP - HAS DROPDOWN","1940-2026","Hyundai","Veloster",""
"IN APP - HAS DROPDOWN","1940-2026","Hyundai","Veloster N",""
"IN APP - HAS DROPDOWN","1940-2026","Hyundai","Venue",""
"IN APP - HAS DROPDOWN","1940-2026","Kia","Amanti",""
"IN APP - HAS DROPDOWN","1940-2026","Kia","Bongo",""
"IN APP - HAS DROPDOWN","1940-2026","Kia","Borrego",""
"IN APP - HAS DROPDOWN","1940-2026","Kia","Cadenza",""
"IN APP - HAS DROPDOWN","1940-2026","Kia","Carnival",""
"IN APP - HAS DROPDOWN","1940-2026","Kia","EV5",""
"IN APP - HAS DROPDOWN","1940-2026","Kia","EV6",""
"IN APP - HAS DROPDOWN","1940-2026","Kia","EV9",""
"IN APP - HAS DROPDOWN","1940-2026","Kia","Forte",""
"IN APP - HAS DROPDOWN","1940-2026","Kia","K5",""
"IN APP - HAS DROPDOWN","1940-2026","Kia","K900",""
"IN APP - HAS DROPDOWN","1940-2026","Kia","Mohave",""
"IN APP - HAS DROPDOWN","1940-2026","Kia","Niro",""
"IN APP - HAS DROPDOWN","1940-2026","Kia","Niro EV",""
"IN APP - HAS DROPDOWN","1940-2026","Kia","Niro Hybrid",""
"IN APP - HAS DROPDOWN","1940-2026","Kia","Niro PHEV",""
"IN APP - HAS DROPDOWN","1940-2026","Kia","Optima",""
"IN APP - HAS DROPDOWN","1940-2026","Kia","Optima Hybrid",""
"IN APP - HAS DROPDOWN","1940-2026","Kia","Optima PHEV",""
"IN APP - HAS DROPDOWN","1940-2026","Kia","Rio",""
"IN APP - HAS DROPDOWN","1940-2026","Kia","Rondo",""
"IN APP - HAS DROPDOWN","1940-2026","Kia","Sedona",""
"IN APP - HAS DROPDOWN","1940-2026","Kia","Seltos",""
"IN APP - HAS DROPDOWN","1940-2026","Kia","Sorento",""
"IN APP - HAS DROPDOWN","1940-2026","Kia","Sorento Hybrid",""
"IN APP - HAS DROPDOWN","1940-2026","Kia","Sorento PHEV",""
"IN APP - HAS DROPDOWN","1940-2026","Kia","Soul",""
"IN APP - HAS DROPDOWN","1940-2026","Kia","Soul EV",""
"IN APP - HAS DROPDOWN","1940-2026","Kia","Spectra",""
"IN APP - HAS DROPDOWN","1940-2026","Kia","Sportage",""
"IN APP - HAS DROPDOWN","1940-2026","Kia","Sportage Hybrid",""
"IN APP - HAS DROPDOWN","1940-2026","Kia","Stinger",""
"IN APP - HAS DROPDOWN","1940-2026","Kia","Telluride",""
"IN APP - HAS DROPDOWN","1940-2026","Volkswagen","Arteon",""
"IN APP - HAS DROPDOWN","1940-2026","Volkswagen","Atlas",""
"IN APP - HAS DROPDOWN","1940-2026","Volkswagen","Atlas Cross Sport",""
"IN APP - HAS DROPDOWN","1940-2026","Volkswagen","Beetle",""
"IN APP - HAS DROPDOWN","1940-2026","Volkswagen","CC",""
"IN APP - HAS DROPDOWN","1940-2026","Volkswagen","Corrado",""
"IN APP - HAS DROPDOWN","1940-2026","Volkswagen","Eos",""
"IN APP - HAS DROPDOWN","1940-2026","Volkswagen","Golf",""
"IN APP - HAS DROPDOWN","1940-2026","Volkswagen","Golf GTI",""
"IN APP - HAS DROPDOWN","1940-2026","Volkswagen","Golf R",""
"IN APP - HAS DROPDOWN","1940-2026","Volkswagen","ID.4",""
"IN APP - HAS DROPDOWN","1940-2026","Volkswagen","ID.Buzz",""
"IN APP - HAS DROPDOWN","1940-2026","Volkswagen","Jetta",""
"IN APP - HAS DROPDOWN","1940-2026","Volkswagen","Jetta GLI",""
"IN APP - HAS DROPDOWN","1940-2026","Volkswagen","Karmann Ghia",""
"IN APP - HAS DROPDOWN","1940-2026","Volkswagen","Passat",""
"IN APP - HAS DROPDOWN","1940-2026","Volkswagen","Phaeton",""
"IN APP - HAS DROPDOWN","1940-2026","Volkswagen","Rabbit",""
"IN APP - HAS DROPDOWN","1940-2026","Volkswagen","Routan",""
"IN APP - HAS DROPDOWN","1940-2026","Volkswagen","Taos",""
"IN APP - HAS DROPDOWN","1940-2026","Volkswagen","Tiguan",""
"IN APP - HAS DROPDOWN","1940-2026","Volkswagen","Touareg",""
"IN APP - HAS DROPDOWN","1940-2026","Subaru","Ascent",""
"IN APP - HAS DROPDOWN","1940-2026","Subaru","Baja",""
"IN APP - HAS DROPDOWN","1940-2026","Subaru","BRZ",""
"IN APP - HAS DROPDOWN","1940-2026","Subaru","Crosstrek",""
"IN APP - HAS DROPDOWN","1940-2026","Subaru","Forester",""
"IN APP - HAS DROPDOWN","1940-2026","Subaru","Impreza",""
"IN APP - HAS DROPDOWN","1940-2026","Subaru","Legacy",""
"IN APP - HAS DROPDOWN","1940-2026","Subaru","Outback",""
"IN APP - HAS DROPDOWN","1940-2026","Subaru","Solterra",""
"IN APP - HAS DROPDOWN","1940-2026","Subaru","SVX",""
"IN APP - HAS DROPDOWN","1940-2026","Subaru","Tribeca",""
"IN APP - HAS DROPDOWN","1940-2026","Subaru","WRX",""
"IN APP - HAS DROPDOWN","1940-2026","Subaru","WRX STI",""
"IN APP - HAS DROPDOWN","1940-2026","Subaru","XT",""
"IN APP - HAS DROPDOWN","1940-2026","Lexus","CT",""
"IN APP - HAS DROPDOWN","1940-2026","Lexus","ES",""
"IN APP - HAS DROPDOWN","1940-2026","Lexus","GS",""
"IN APP - HAS DROPDOWN","1940-2026","Lexus","GX",""
"IN APP - HAS DROPDOWN","1940-2026","Lexus","HS",""
"IN APP - HAS DROPDOWN","1940-2026","Lexus","IS",""
"IN APP - HAS DROPDOWN","1940-2026","Lexus","IS F",""
"IN APP - HAS DROPDOWN","1940-2026","Lexus","LC",""
"IN APP - HAS DROPDOWN","1940-2026","Lexus","LFA",""
"IN APP - HAS DROPDOWN","1940-2026","Lexus","LS",""
"IN APP - HAS DROPDOWN","1940-2026","Lexus","LX",""
"IN APP - HAS DROPDOWN","1940-2026","Lexus","NX",""
"IN APP - HAS DROPDOWN","1940-2026","Lexus","RC",""
"IN APP - HAS DROPDOWN","1940-2026","Lexus","RC F",""
"IN APP - HAS DROPDOWN","1940-2026","Lexus","RX",""
"IN APP - HAS DROPDOWN","1940-2026","Lexus","RZ",""
"IN APP - HAS DROPDOWN","1940-2026","Lexus","SC",""
"IN APP - HAS DROPDOWN","1940-2026","Lexus","TX",""
"IN APP - HAS DROPDOWN","1940-2026","Lexus","UX",""
"IN APP - HAS DROPDOWN","1940-2026","Dodge","400",""
"IN APP - HAS DROPDOWN","1940-2026","Dodge","600",""
"IN APP - HAS DROPDOWN","1940-2026","Dodge","Aries K-car",""
"IN APP - HAS DROPDOWN","1940-2026","Dodge","Aspen",""
"IN APP - HAS DROPDOWN","1940-2026","Dodge","Avenger",""
"IN APP - HAS DROPDOWN","1940-2026","Dodge","B-Series Van",""
"IN APP - HAS DROPDOWN","1940-2026","Dodge","Caravan",""
"IN APP - HAS DROPDOWN","1940-2026","Dodge","Challenger",""
"IN APP - HAS DROPDOWN","1940-2026","Dodge","Charger",""
"IN APP - HAS DROPDOWN","1940-2026","Dodge","Coronet",""
"IN APP - HAS DROPDOWN","1940-2026","Dodge","D100 D150",""
"IN APP - HAS DROPDOWN","1940-2026","Dodge","D200 D250",""
"IN APP - HAS DROPDOWN","1940-2026","Dodge","D300 D350",""
"IN APP - HAS DROPDOWN","1940-2026","Dodge","Dakota",""
"IN APP - HAS DROPDOWN","1940-2026","Dodge","Dart",""
"IN APP - HAS DROPDOWN","1940-2026","Dodge","Daytona",""
"IN APP - HAS DROPDOWN","1940-2026","Dodge","Demon",""
"IN APP - HAS DROPDOWN","1940-2026","Dodge","Diplomat",""
"IN APP - HAS DROPDOWN","1940-2026","Dodge","Durango",""
"IN APP - HAS DROPDOWN","1940-2026","Dodge","Dynasty",""
"IN APP - HAS DROPDOWN","1940-2026","Dodge","Grand Caravan",""
"IN APP - HAS DROPDOWN","1940-2026","Dodge","Intrepid",""
"IN APP - HAS DROPDOWN","1940-2026","Dodge","Journey",""
"IN APP - HAS DROPDOWN","1940-2026","Dodge","Lancer 1980s",""
"IN APP - HAS DROPDOWN","1940-2026","Dodge","Lil Red Express Truck",""
"IN APP - HAS DROPDOWN","1940-2026","Dodge","Mini Ram Van",""
"IN APP - HAS DROPDOWN","1940-2026","Dodge","Mirada",""
"IN APP - HAS DROPDOWN","1940-2026","Dodge","Monaco",""
"IN APP - HAS DROPDOWN","1940-2026","Dodge","Neon",""
"IN APP - HAS DROPDOWN","1940-2026","Dodge","Nitro",""
"IN APP - HAS DROPDOWN","1940-2026","Dodge","Omni",""
"IN APP - HAS DROPDOWN","1940-2026","Dodge","Polara",""
"IN APP - HAS DROPDOWN","1940-2026","Dodge","Power Wagon",""
"IN APP - HAS DROPDOWN","1940-2026","Dodge","Raider",""
"IN APP - HAS DROPDOWN","1940-2026","Dodge","Ram",""
"IN APP - HAS DROPDOWN","1940-2026","Dodge","Ram 1500",""
"IN APP - HAS DROPDOWN","1940-2026","Dodge","Ram 2500",""
"IN APP - HAS DROPDOWN","1940-2026","Dodge","Ram 3500",""
"IN APP - HAS DROPDOWN","1940-2026","Dodge","Ram Van",""
"IN APP - HAS DROPDOWN","1940-2026","Dodge","Ramcharger",""
"IN APP - HAS DROPDOWN","1940-2026","Dodge","Rampage",""
"IN APP - HAS DROPDOWN","1940-2026","Dodge","Spirit",""
"IN APP - HAS DROPDOWN","1940-2026","Dodge","Sportsman",""
"IN APP - HAS DROPDOWN","1940-2026","Dodge","Sprinter",""
"IN APP - HAS DROPDOWN","1940-2026","Dodge","Stealth",""
"IN APP - HAS DROPDOWN","1940-2026","Dodge","Stratus",""
"IN APP - HAS DROPDOWN","1940-2026","Dodge","Super Bee",""
"IN APP - HAS DROPDOWN","1940-2026","Dodge","Tradesman",""
"IN APP - HAS DROPDOWN","1940-2026","Dodge","Viper",""
"IN APP - HAS DROPDOWN","1940-2026","Dodge","Wagoneer",""
"IN APP - HAS DROPDOWN","1940-2026","Dodge","Warlock",""

"=== SECTION 2: MAKES IN APP BUT USE FREE-TEXT MODEL INPUT ===","","","",""
"IN APP - FREE TEXT MODEL","1940-2026","Acura","(customer types model manually)","No predefined model list"
"IN APP - FREE TEXT MODEL","1940-2026","Alfa Romeo","(customer types model manually)","No predefined model list"
"IN APP - FREE TEXT MODEL","1940-2026","Aston Martin","(customer types model manually)","No predefined model list"
"IN APP - FREE TEXT MODEL","1940-2026","Bentley","(customer types model manually)","No predefined model list"
"IN APP - FREE TEXT MODEL","1940-2026","Bugatti","(customer types model manually)","No predefined model list"
"IN APP - FREE TEXT MODEL","1940-2026","Buick","(customer types model manually)","No predefined model list"
"IN APP - FREE TEXT MODEL","1940-2026","Cadillac","(customer types model manually)","No predefined model list"
"IN APP - FREE TEXT MODEL","1940-2026","Chrysler","(customer types model manually)","No predefined model list"
"IN APP - FREE TEXT MODEL","1940-2026","Citroën","(customer types model manually)","No predefined model list"
"IN APP - FREE TEXT MODEL","1940-2026","Dacia","(customer types model manually)","No predefined model list"
"IN APP - FREE TEXT MODEL","1940-2026","Daewoo","(customer types model manually)","No predefined model list"
"IN APP - FREE TEXT MODEL","1940-2026","Daihatsu","(customer types model manually)","No predefined model list"
"IN APP - FREE TEXT MODEL","1940-2026","Eagle","(customer types model manually)","No predefined model list"
"IN APP - FREE TEXT MODEL","1940-2026","Ferrari","(customer types model manually)","No predefined model list"
"IN APP - FREE TEXT MODEL","1940-2026","Fiat","(customer types model manually)","No predefined model list"
"IN APP - FREE TEXT MODEL","1940-2026","Fisker","(customer types model manually)","No predefined model list"
"IN APP - FREE TEXT MODEL","1940-2026","Genesis","(customer types model manually)","No predefined model list"
"IN APP - FREE TEXT MODEL","1940-2026","Geo","(customer types model manually)","No predefined model list"
"IN APP - FREE TEXT MODEL","1940-2026","Hummer","(customer types model manually)","No predefined model list"
"IN APP - FREE TEXT MODEL","1940-2026","Infiniti","(customer types model manually)","No predefined model list"
"IN APP - FREE TEXT MODEL","1940-2026","International","(customer types model manually)","No predefined model list"
"IN APP - FREE TEXT MODEL","1940-2026","Isuzu","(customer types model manually)","No predefined model list"
"IN APP - FREE TEXT MODEL","1940-2026","Jaguar","(customer types model manually)","No predefined model list"
"IN APP - FREE TEXT MODEL","1940-2026","Karma","(customer types model manually)","No predefined model list"
"IN APP - FREE TEXT MODEL","1940-2026","Koenigsegg","(customer types model manually)","No predefined model list"
"IN APP - FREE TEXT MODEL","1940-2026","Lamborghini","(customer types model manually)","No predefined model list"
"IN APP - FREE TEXT MODEL","1940-2026","Lancia","(customer types model manually)","No predefined model list"
"IN APP - FREE TEXT MODEL","1940-2026","Land Rover","(customer types model manually)","No predefined model list"
"IN APP - FREE TEXT MODEL","1940-2026","Lincoln","(customer types model manually)","No predefined model list"
"IN APP - FREE TEXT MODEL","1940-2026","Lotus","(customer types model manually)","No predefined model list"
"IN APP - FREE TEXT MODEL","1940-2026","Lucid","(customer types model manually)","No predefined model list"
"IN APP - FREE TEXT MODEL","1940-2026","Maserati","(customer types model manually)","No predefined model list"
"IN APP - FREE TEXT MODEL","1940-2026","Maybach","(customer types model manually)","No predefined model list"
"IN APP - FREE TEXT MODEL","1940-2026","Mazda","(customer types model manually)","No predefined model list"
"IN APP - FREE TEXT MODEL","1940-2026","McLaren","(customer types model manually)","No predefined model list"
"IN APP - FREE TEXT MODEL","1940-2026","Mercedes","(customer types model manually)","No predefined model list"
"IN APP - FREE TEXT MODEL","1940-2026","Mercedes-Benz","(customer types model manually)","No predefined model list"
"IN APP - FREE TEXT MODEL","1940-2026","Mercury","(customer types model manually)","No predefined model list"
"IN APP - FREE TEXT MODEL","1940-2026","Mini","(customer types model manually)","No predefined model list"
"IN APP - FREE TEXT MODEL","1940-2026","Mitsubishi","(customer types model manually)","No predefined model list"
"IN APP - FREE TEXT MODEL","1940-2026","Oldsmobile","(customer types model manually)","No predefined model list"
"IN APP - FREE TEXT MODEL","1940-2026","Opel","(customer types model manually)","No predefined model list"
"IN APP - FREE TEXT MODEL","1940-2026","Peugeot","(customer types model manually)","No predefined model list"
"IN APP - FREE TEXT MODEL","1940-2026","Plymouth","(customer types model manually)","No predefined model list"
"IN APP - FREE TEXT MODEL","1940-2026","Polestar","(customer types model manually)","No predefined model list"
"IN APP - FREE TEXT MODEL","1940-2026","Pontiac","(customer types model manually)","No predefined model list"
"IN APP - FREE TEXT MODEL","1940-2026","Porsche","(customer types model manually)","No predefined model list"
"IN APP - FREE TEXT MODEL","1940-2026","Renault","(customer types model manually)","No predefined model list"
"IN APP - FREE TEXT MODEL","1940-2026","Rivian","(customer types model manually)","No predefined model list"
"IN APP - FREE TEXT MODEL","1940-2026","Rolls-Royce","(customer types model manually)","No predefined model list"
"IN APP - FREE TEXT MODEL","1940-2026","Saab","(customer types model manually)","No predefined model list"
"IN APP - FREE TEXT MODEL","1940-2026","Saleen","(customer types model manually)","No predefined model list"
"IN APP - FREE TEXT MODEL","1940-2026","Saturn","(customer types model manually)","No predefined model list"
"IN APP - FREE TEXT MODEL","1940-2026","Scion","(customer types model manually)","No predefined model list"
"IN APP - FREE TEXT MODEL","1940-2026","Seat","(customer types model manually)","No predefined model list"
"IN APP - FREE TEXT MODEL","1940-2026","Skoda","(customer types model manually)","No predefined model list"
"IN APP - FREE TEXT MODEL","1940-2026","Smart","(customer types model manually)","No predefined model list"
"IN APP - FREE TEXT MODEL","1940-2026","Spyker","(customer types model manually)","No predefined model list"
"IN APP - FREE TEXT MODEL","1940-2026","Suzuki","(customer types model manually)","No predefined model list"
"IN APP - FREE TEXT MODEL","1940-2026","Tata","(customer types model manually)","No predefined model list"
"IN APP - FREE TEXT MODEL","1940-2026","VinFast","(customer types model manually)","No predefined model list"
"IN APP - FREE TEXT MODEL","1940-2026","Volvo","(customer types model manually)","No predefined model list"
"IN APP - FREE TEXT MODEL","1940-2026","Yugo","(customer types model manually)","No predefined model list"

"=== SECTION 3: MISSING MODELS THAT SHOULD BE ADDED ===","","","",""
"MISSING - SHOULD BE ADDED","1940-2026","Acura","TLX","Recommend adding as dropdown option"
"MISSING - SHOULD BE ADDED","1940-2026","Acura","MDX","Recommend adding as dropdown option"
"MISSING - SHOULD BE ADDED","1940-2026","Acura","RDX","Recommend adding as dropdown option"
"MISSING - SHOULD BE ADDED","1940-2026","Acura","NSX","Recommend adding as dropdown option"
"MISSING - SHOULD BE ADDED","1940-2026","Acura","ILX","Recommend adding as dropdown option"
"MISSING - SHOULD BE ADDED","1940-2026","Acura","RSX","Recommend adding as dropdown option"
"MISSING - SHOULD BE ADDED","1940-2026","Acura","TSX","Recommend adding as dropdown option"
"MISSING - SHOULD BE ADDED","1940-2026","Acura","ZDX","Recommend adding as dropdown option"
"MISSING - SHOULD BE ADDED","1940-2026","Acura","Integra","Recommend adding as dropdown option"
"MISSING - SHOULD BE ADDED","1940-2026","Buick","Enclave","Recommend adding as dropdown option"
"MISSING - SHOULD BE ADDED","1940-2026","Buick","Encore","Recommend adding as dropdown option"
"MISSING - SHOULD BE ADDED","1940-2026","Buick","Encore GX","Recommend adding as dropdown option"
"MISSING - SHOULD BE ADDED","1940-2026","Buick","Envision","Recommend adding as dropdown option"
"MISSING - SHOULD BE ADDED","1940-2026","Buick","LaCrosse","Recommend adding as dropdown option"
"MISSING - SHOULD BE ADDED","1940-2026","Buick","Regal","Recommend adding as dropdown option"
"MISSING - SHOULD BE ADDED","1940-2026","Buick","Verano","Recommend adding as dropdown option"
"MISSING - SHOULD BE ADDED","1940-2026","Buick","Riviera","Recommend adding as dropdown option"
"MISSING - SHOULD BE ADDED","1940-2026","Buick","Park Avenue","Recommend adding as dropdown option"
"MISSING - SHOULD BE ADDED","1940-2026","Buick","LeSabre","Recommend adding as dropdown option"
"MISSING - SHOULD BE ADDED","1940-2026","Buick","Century","Recommend adding as dropdown option"
"MISSING - SHOULD BE ADDED","1940-2026","Buick","Electra","Recommend adding as dropdown option"
"MISSING - SHOULD BE ADDED","1940-2026","Cadillac","CT4","Recommend adding as dropdown option"
"MISSING - SHOULD BE ADDED","1940-2026","Cadillac","CT5","Recommend adding as dropdown option"
"MISSING - SHOULD BE ADDED","1940-2026","Cadillac","CT6","Recommend adding as dropdown option"
"MISSING - SHOULD BE ADDED","1940-2026","Cadillac","Escalade","Recommend adding as dropdown option"
"MISSING - SHOULD BE ADDED","1940-2026","Cadillac","Escalade ESV","Recommend adding as dropdown option"
"MISSING - SHOULD BE ADDED","1940-2026","Cadillac","XT4","Recommend adding as dropdown option"
"MISSING - SHOULD BE ADDED","1940-2026","Cadillac","XT5","Recommend adding as dropdown option"
"MISSING - SHOULD BE ADDED","1940-2026","Cadillac","XT6","Recommend adding as dropdown option"
"MISSING - SHOULD BE ADDED","1940-2026","Cadillac","LYRIQ","Recommend adding as dropdown option"
"MISSING - SHOULD BE ADDED","1940-2026","Cadillac","CELESTIQ","Recommend adding as dropdown option"
"MISSING - SHOULD BE ADDED","1940-2026","Cadillac","SRX","Recommend adding as dropdown option"
"MISSING - SHOULD BE ADDED","1940-2026","Cadillac","ATS","Recommend adding as dropdown option"
"MISSING - SHOULD BE ADDED","1940-2026","Cadillac","CTS","Recommend adding as dropdown option"
"MISSING - SHOULD BE ADDED","1940-2026","Cadillac","DTS","Recommend adding as dropdown option"
"MISSING - SHOULD BE ADDED","1940-2026","Cadillac","STS","Recommend adding as dropdown option"
"MISSING - SHOULD BE ADDED","1940-2026","Cadillac","DeVille","Recommend adding as dropdown option"
"MISSING - SHOULD BE ADDED","1940-2026","Lincoln","Aviator","Recommend adding as dropdown option"
"MISSING - SHOULD BE ADDED","1940-2026","Lincoln","Corsair","Recommend adding as dropdown option"
"MISSING - SHOULD BE ADDED","1940-2026","Lincoln","Nautilus","Recommend adding as dropdown option"
"MISSING - SHOULD BE ADDED","1940-2026","Lincoln","Navigator","Recommend adding as dropdown option"
"MISSING - SHOULD BE ADDED","1940-2026","Lincoln","Navigator L","Recommend adding as dropdown option"
"MISSING - SHOULD BE ADDED","1940-2026","Lincoln","MKZ","Recommend adding as dropdown option"
"MISSING - SHOULD BE ADDED","1940-2026","Lincoln","MKX","Recommend adding as dropdown option"
"MISSING - SHOULD BE ADDED","1940-2026","Lincoln","MKC","Recommend adding as dropdown option"
"MISSING - SHOULD BE ADDED","1940-2026","Lincoln","MKS","Recommend adding as dropdown option"
"MISSING - SHOULD BE ADDED","1940-2026","Lincoln","Town Car","Recommend adding as dropdown option"
"MISSING - SHOULD BE ADDED","1940-2026","Lincoln","Continental","Recommend adding as dropdown option"
"MISSING - SHOULD BE ADDED","1940-2026","Porsche","911","Recommend adding as dropdown option"
"MISSING - SHOULD BE ADDED","1940-2026","Porsche","718 Boxster","Recommend adding as dropdown option"
"MISSING - SHOULD BE ADDED","1940-2026","Porsche","718 Cayman","Recommend adding as dropdown option"
"MISSING - SHOULD BE ADDED","1940-2026","Porsche","Cayenne","Recommend adding as dropdown option"
"MISSING - SHOULD BE ADDED","1940-2026","Porsche","Cayenne Coupe","Recommend adding as dropdown option"
"MISSING - SHOULD BE ADDED","1940-2026","Porsche","Macan","Recommend adding as dropdown option"
"MISSING - SHOULD BE ADDED","1940-2026","Porsche","Panamera","Recommend adding as dropdown option"
"MISSING - SHOULD BE ADDED","1940-2026","Porsche","Taycan","Recommend adding as dropdown option"
"MISSING - SHOULD BE ADDED","1940-2026","Porsche","Taycan Cross Turismo","Recommend adding as dropdown option"
"MISSING - SHOULD BE ADDED","1940-2026","Mazda","CX-3","Recommend adding as dropdown option"
"MISSING - SHOULD BE ADDED","1940-2026","Mazda","CX-5","Recommend adding as dropdown option"
"MISSING - SHOULD BE ADDED","1940-2026","Mazda","CX-50","Recommend adding as dropdown option"
"MISSING - SHOULD BE ADDED","1940-2026","Mazda","CX-70","Recommend adding as dropdown option"
"MISSING - SHOULD BE ADDED","1940-2026","Mazda","CX-90","Recommend adding as dropdown option"
"MISSING - SHOULD BE ADDED","1940-2026","Mazda","CX-9","Recommend adding as dropdown option"
"MISSING - SHOULD BE ADDED","1940-2026","Mazda","Mazda3","Recommend adding as dropdown option"
"MISSING - SHOULD BE ADDED","1940-2026","Mazda","Mazda6","Recommend adding as dropdown option"
"MISSING - SHOULD BE ADDED","1940-2026","Mazda","MX-5 Miata","Recommend adding as dropdown option"
"MISSING - SHOULD BE ADDED","1940-2026","Mazda","MX-30","Recommend adding as dropdown option"
"MISSING - SHOULD BE ADDED","1940-2026","Mazda","RX-7","Recommend adding as dropdown option"
"MISSING - SHOULD BE ADDED","1940-2026","Mazda","RX-8","Recommend adding as dropdown option"
"MISSING - SHOULD BE ADDED","1940-2026","Mitsubishi","Eclipse","Recommend adding as dropdown option"
"MISSING - SHOULD BE ADDED","1940-2026","Mitsubishi","Eclipse Cross","Recommend adding as dropdown option"
"MISSING - SHOULD BE ADDED","1940-2026","Mitsubishi","Galant","Recommend adding as dropdown option"
"MISSING - SHOULD BE ADDED","1940-2026","Mitsubishi","Lancer","Recommend adding as dropdown option"
"MISSING - SHOULD BE ADDED","1940-2026","Mitsubishi","Lancer Evolution","Recommend adding as dropdown option"
"MISSING - SHOULD BE ADDED","1940-2026","Mitsubishi","Mirage","Recommend adding as dropdown option"
"MISSING - SHOULD BE ADDED","1940-2026","Mitsubishi","Outlander","Recommend adding as dropdown option"
"MISSING - SHOULD BE ADDED","1940-2026","Mitsubishi","Outlander PHEV","Recommend adding as dropdown option"
"MISSING - SHOULD BE ADDED","1940-2026","Mitsubishi","Outlander Sport","Recommend adding as dropdown option"
"MISSING - SHOULD BE ADDED","1940-2026","Mitsubishi","Montero","Recommend adding as dropdown option"
"MISSING - SHOULD BE ADDED","1940-2026","Infiniti","Q50","Recommend adding as dropdown option"
"MISSING - SHOULD BE ADDED","1940-2026","Infiniti","Q60","Recommend adding as dropdown option"
"MISSING - SHOULD BE ADDED","1940-2026","Infiniti","Q70","Recommend adding as dropdown option"
"MISSING - SHOULD BE ADDED","1940-2026","Infiniti","QX50","Recommend adding as dropdown option"
"MISSING - SHOULD BE ADDED","1940-2026","Infiniti","QX55","Recommend adding as dropdown option"
"MISSING - SHOULD BE ADDED","1940-2026","Infiniti","QX60","Recommend adding as dropdown option"
"MISSING - SHOULD BE ADDED","1940-2026","Infiniti","QX80","Recommend adding as dropdown option"
"MISSING - SHOULD BE ADDED","1940-2026","Infiniti","G35","Recommend adding as dropdown option"
"MISSING - SHOULD BE ADDED","1940-2026","Infiniti","G37","Recommend adding as dropdown option"
"MISSING - SHOULD BE ADDED","1940-2026","Infiniti","FX35","Recommend adding as dropdown option"
"MISSING - SHOULD BE ADDED","1940-2026","Infiniti","FX50","Recommend adding as dropdown option"
"MISSING - SHOULD BE ADDED","1940-2026","Land Rover","Defender","Recommend adding as dropdown option"
"MISSING - SHOULD BE ADDED","1940-2026","Land Rover","Discovery","Recommend adding as dropdown option"
"MISSING - SHOULD BE ADDED","1940-2026","Land Rover","Discovery Sport","Recommend adding as dropdown option"
"MISSING - SHOULD BE ADDED","1940-2026","Land Rover","Freelander","Recommend adding as dropdown option"
"MISSING - SHOULD BE ADDED","1940-2026","Land Rover","Range Rover","Recommend adding as dropdown option"
"MISSING - SHOULD BE ADDED","1940-2026","Land Rover","Range Rover Evoque","Recommend adding as dropdown option"
"MISSING - SHOULD BE ADDED","1940-2026","Land Rover","Range Rover Sport","Recommend adding as dropdown option"
"MISSING - SHOULD BE ADDED","1940-2026","Land Rover","Range Rover Velar","Recommend adding as dropdown option"
"MISSING - SHOULD BE ADDED","1940-2026","Volvo","C40 Recharge","Recommend adding as dropdown option"
"MISSING - SHOULD BE ADDED","1940-2026","Volvo","S60","Recommend adding as dropdown option"
"MISSING - SHOULD BE ADDED","1940-2026","Volvo","S90","Recommend adding as dropdown option"
"MISSING - SHOULD BE ADDED","1940-2026","Volvo","V60","Recommend adding as dropdown option"
"MISSING - SHOULD BE ADDED","1940-2026","Volvo","V90","Recommend adding as dropdown option"
"MISSING - SHOULD BE ADDED","1940-2026","Volvo","XC40","Recommend adding as dropdown option"
"MISSING - SHOULD BE ADDED","1940-2026","Volvo","XC60","Recommend adding as dropdown option"
"MISSING - SHOULD BE ADDED","1940-2026","Volvo","XC90","Recommend adding as dropdown option"
"MISSING - SHOULD BE ADDED","1940-2026","Volvo","EX30","Recommend adding as dropdown option"
"MISSING - SHOULD BE ADDED","1940-2026","Volvo","EX90","Recommend adding as dropdown option"
"MISSING - SHOULD BE ADDED","1940-2026","Chrysler","200","Recommend adding as dropdown option"
"MISSING - SHOULD BE ADDED","1940-2026","Chrysler","300","Recommend adding as dropdown option"
"MISSING - SHOULD BE ADDED","1940-2026","Chrysler","300C","Recommend adding as dropdown option"
"MISSING - SHOULD BE ADDED","1940-2026","Chrysler","Aspen","Recommend adding as dropdown option"
"MISSING - SHOULD BE ADDED","1940-2026","Chrysler","Pacifica","Recommend adding as dropdown option"
"MISSING - SHOULD BE ADDED","1940-2026","Chrysler","Pacifica Hybrid","Recommend adding as dropdown option"
"MISSING - SHOULD BE ADDED","1940-2026","Chrysler","Town & Country","Recommend adding as dropdown option"
"MISSING - SHOULD BE ADDED","1940-2026","Chrysler","Voyager","Recommend adding as dropdown option"
"MISSING - SHOULD BE ADDED","1940-2026","Pontiac","Bonneville","Recommend adding as dropdown option"
"MISSING - SHOULD BE ADDED","1940-2026","Pontiac","Firebird","Recommend adding as dropdown option"
"MISSING - SHOULD BE ADDED","1940-2026","Pontiac","GTO","Recommend adding as dropdown option"
"MISSING - SHOULD BE ADDED","1940-2026","Pontiac","G6","Recommend adding as dropdown option"
"MISSING - SHOULD BE ADDED","1940-2026","Pontiac","G8","Recommend adding as dropdown option"
"MISSING - SHOULD BE ADDED","1940-2026","Pontiac","Grand Am","Recommend adding as dropdown option"
"MISSING - SHOULD BE ADDED","1940-2026","Pontiac","Grand Prix","Recommend adding as dropdown option"
"MISSING - SHOULD BE ADDED","1940-2026","Pontiac","Montana","Recommend adding as dropdown option"
"MISSING - SHOULD BE ADDED","1940-2026","Pontiac","Solstice","Recommend adding as dropdown option"
"MISSING - SHOULD BE ADDED","1940-2026","Pontiac","Torrent","Recommend adding as dropdown option"
"MISSING - SHOULD BE ADDED","1940-2026","Pontiac","Trans Am","Recommend adding as dropdown option"
"MISSING - SHOULD BE ADDED","1940-2026","Pontiac","Vibe","Recommend adding as dropdown option"
"MISSING - SHOULD BE ADDED","1940-2026","Saturn","Aura","Recommend adding as dropdown option"
"MISSING - SHOULD BE ADDED","1940-2026","Saturn","Ion","Recommend adding as dropdown option"
"MISSING - SHOULD BE ADDED","1940-2026","Saturn","Outlook","Recommend adding as dropdown option"
"MISSING - SHOULD BE ADDED","1940-2026","Saturn","Sky","Recommend adding as dropdown option"
"MISSING - SHOULD BE ADDED","1940-2026","Saturn","SL","Recommend adding as dropdown option"
"MISSING - SHOULD BE ADDED","1940-2026","Saturn","Vue","Recommend adding as dropdown option"
"MISSING - SHOULD BE ADDED","1940-2026","Mini","Clubman","Recommend adding as dropdown option"
"MISSING - SHOULD BE ADDED","1940-2026","Mini","Convertible","Recommend adding as dropdown option"
"MISSING - SHOULD BE ADDED","1940-2026","Mini","Cooper","Recommend adding as dropdown option"
"MISSING - SHOULD BE ADDED","1940-2026","Mini","Cooper S","Recommend adding as dropdown option"
"MISSING - SHOULD BE ADDED","1940-2026","Mini","Countryman","Recommend adding as dropdown option"
"MISSING - SHOULD BE ADDED","1940-2026","Mini","John Cooper Works","Recommend adding as dropdown option"
"MISSING - SHOULD BE ADDED","1940-2026","Mini","Paceman","Recommend adding as dropdown option"
"MISSING - SHOULD BE ADDED","1940-2026","Mini","Roadster","Recommend adding as dropdown option"
"MISSING - SHOULD BE ADDED","1940-2026","Rivian","R1S","Recommend adding as dropdown option"
"MISSING - SHOULD BE ADDED","1940-2026","Rivian","R1T","Recommend adding as dropdown option"
"MISSING - SHOULD BE ADDED","1940-2026","Rivian","R2","Recommend adding as dropdown option"
"MISSING - SHOULD BE ADDED","1940-2026","Polestar","Polestar 1","Recommend adding as dropdown option"
"MISSING - SHOULD BE ADDED","1940-2026","Polestar","Polestar 2","Recommend adding as dropdown option"
"MISSING - SHOULD BE ADDED","1940-2026","Polestar","Polestar 3","Recommend adding as dropdown option"
"MISSING - SHOULD BE ADDED","1940-2026","Polestar","Polestar 4","Recommend adding as dropdown option"
"MISSING - SHOULD BE ADDED","1940-2026","Lucid","Air","Recommend adding as dropdown option"
"MISSING - SHOULD BE ADDED","1940-2026","Lucid","Gravity","Recommend adding as dropdown option"
"MISSING - SHOULD BE ADDED","1940-2026","Fiat","124 Spider","Recommend adding as dropdown option"
"MISSING - SHOULD BE ADDED","1940-2026","Fiat","500","Recommend adding as dropdown option"
"MISSING - SHOULD BE ADDED","1940-2026","Fiat","500X","Recommend adding as dropdown option"
"MISSING - SHOULD BE ADDED","1940-2026","Fiat","500L","Recommend adding as dropdown option"
"MISSING - SHOULD BE ADDED","1940-2026","Fiat","500e","Recommend adding as dropdown option"
"MISSING - SHOULD BE ADDED","1940-2026","Genesis","G70","Recommend adding as dropdown option"
"MISSING - SHOULD BE ADDED","1940-2026","Genesis","G80","Recommend adding as dropdown option"
"MISSING - SHOULD BE ADDED","1940-2026","Genesis","G90","Recommend adding as dropdown option"
"MISSING - SHOULD BE ADDED","1940-2026","Genesis","GV70","Recommend adding as dropdown option"
"MISSING - SHOULD BE ADDED","1940-2026","Genesis","GV80","Recommend adding as dropdown option"
"MISSING - SHOULD BE ADDED","1940-2026","Genesis","GV60","Recommend adding as dropdown option"
"MISSING - SHOULD BE ADDED","1940-2026","Maserati","Ghibli","Recommend adding as dropdown option"
"MISSING - SHOULD BE ADDED","1940-2026","Maserati","Granturismo","Recommend adding as dropdown option"
"MISSING - SHOULD BE ADDED","1940-2026","Maserati","Grecale","Recommend adding as dropdown option"
"MISSING - SHOULD BE ADDED","1940-2026","Maserati","Levante","Recommend adding as dropdown option"
"MISSING - SHOULD BE ADDED","1940-2026","Maserati","MC20","Recommend adding as dropdown option"
"MISSING - SHOULD BE ADDED","1940-2026","Maserati","Quattroporte","Recommend adding as dropdown option"
"MISSING - SHOULD BE ADDED","1940-2026","Alfa Romeo","4C","Recommend adding as dropdown option"
"MISSING - SHOULD BE ADDED","1940-2026","Alfa Romeo","Giulia","Recommend adding as dropdown option"
"MISSING - SHOULD BE ADDED","1940-2026","Alfa Romeo","Giulia GTA","Recommend adding as dropdown option"
"MISSING - SHOULD BE ADDED","1940-2026","Alfa Romeo","Stelvio","Recommend adding as dropdown option"
"MISSING - SHOULD BE ADDED","1940-2026","Alfa Romeo","Tonale","Recommend adding as dropdown option"
"MISSING - SHOULD BE ADDED","1940-2026","Jaguar","E-PACE","Recommend adding as dropdown option"
"MISSING - SHOULD BE ADDED","1940-2026","Jaguar","F-PACE","Recommend adding as dropdown option"
"MISSING - SHOULD BE ADDED","1940-2026","Jaguar","F-TYPE","Recommend adding as dropdown option"
"MISSING - SHOULD BE ADDED","1940-2026","Jaguar","I-PACE","Recommend adding as dropdown option"
"MISSING - SHOULD BE ADDED","1940-2026","Jaguar","XE","Recommend adding as dropdown option"
"MISSING - SHOULD BE ADDED","1940-2026","Jaguar","XF","Recommend adding as dropdown option"
"MISSING - SHOULD BE ADDED","1940-2026","Jaguar","XJ","Recommend adding as dropdown option"
"MISSING - SHOULD BE ADDED","1940-2026","Suzuki","Equator","Recommend adding as dropdown option"
"MISSING - SHOULD BE ADDED","1940-2026","Suzuki","Grand Vitara","Recommend adding as dropdown option"
"MISSING - SHOULD BE ADDED","1940-2026","Suzuki","Kizashi","Recommend adding as dropdown option"
"MISSING - SHOULD BE ADDED","1940-2026","Suzuki","Swift","Recommend adding as dropdown option"
"MISSING - SHOULD BE ADDED","1940-2026","Suzuki","Vitara","Recommend adding as dropdown option"
"MISSING - SHOULD BE ADDED","1940-2026","Suzuki","XL7","Recommend adding as dropdown option"
"MISSING - SHOULD BE ADDED","1940-2026","Isuzu","Amigo","Recommend adding as dropdown option"
"MISSING - SHOULD BE ADDED","1940-2026","Isuzu","Axiom","Recommend adding as dropdown option"
"MISSING - SHOULD BE ADDED","1940-2026","Isuzu","Hombre","Recommend adding as dropdown option"
"MISSING - SHOULD BE ADDED","1940-2026","Isuzu","i-Series","Recommend adding as dropdown option"
"MISSING - SHOULD BE ADDED","1940-2026","Isuzu","Rodeo","Recommend adding as dropdown option"
"MISSING - SHOULD BE ADDED","1940-2026","Isuzu","Trooper","Recommend adding as dropdown option"
"MISSING - SHOULD BE ADDED","1940-2026","Saab","9-3","Recommend adding as dropdown option"
"MISSING - SHOULD BE ADDED","1940-2026","Saab","9-5","Recommend adding as dropdown option"
"MISSING - SHOULD BE ADDED","1940-2026","Saab","9-7X","Recommend adding as dropdown option"
"MISSING - SHOULD BE ADDED","1940-2026","Scion","FR-S","Recommend adding as dropdown option"
"MISSING - SHOULD BE ADDED","1940-2026","Scion","iA","Recommend adding as dropdown option"
"MISSING - SHOULD BE ADDED","1940-2026","Scion","iM","Recommend adding as dropdown option"
"MISSING - SHOULD BE ADDED","1940-2026","Scion","iQ","Recommend adding as dropdown option"
"MISSING - SHOULD BE ADDED","1940-2026","Scion","tC","Recommend adding as dropdown option"
"MISSING - SHOULD BE ADDED","1940-2026","Scion","xA","Recommend adding as dropdown option"
"MISSING - SHOULD BE ADDED","1940-2026","Scion","xB","Recommend adding as dropdown option"
"MISSING - SHOULD BE ADDED","1940-2026","Scion","xD","Recommend adding as dropdown option"
"MISSING - SHOULD BE ADDED","1940-2026","Mercury","Grand Marquis","Recommend adding as dropdown option"
"MISSING - SHOULD BE ADDED","1940-2026","Mercury","Mariner","Recommend adding as dropdown option"
"MISSING - SHOULD BE ADDED","1940-2026","Mercury","Milan","Recommend adding as dropdown option"
"MISSING - SHOULD BE ADDED","1940-2026","Mercury","Mountaineer","Recommend adding as dropdown option"
"MISSING - SHOULD BE ADDED","1940-2026","Mercury","Sable","Recommend adding as dropdown option"
"MISSING - SHOULD BE ADDED","1940-2026","Mercury","Villager","Recommend adding as dropdown option"
"MISSING - SHOULD BE ADDED","1940-2026","Oldsmobile","Alero","Recommend adding as dropdown option"
"MISSING - SHOULD BE ADDED","1940-2026","Oldsmobile","Aurora","Recommend adding as dropdown option"
"MISSING - SHOULD BE ADDED","1940-2026","Oldsmobile","Bravada","Recommend adding as dropdown option"
"MISSING - SHOULD BE ADDED","1940-2026","Oldsmobile","Cutlass","Recommend adding as dropdown option"
"MISSING - SHOULD BE ADDED","1940-2026","Oldsmobile","Cutlass Supreme","Recommend adding as dropdown option"
"MISSING - SHOULD BE ADDED","1940-2026","Oldsmobile","Intrigue","Recommend adding as dropdown option"
"MISSING - SHOULD BE ADDED","1940-2026","Oldsmobile","Silhouette","Recommend adding as dropdown option"
"MISSING - SHOULD BE ADDED","1940-2026","Oldsmobile","Toronado","Recommend adding as dropdown option"
"MISSING - SHOULD BE ADDED","1940-2026","Plymouth","Barracuda","Recommend adding as dropdown option"
"MISSING - SHOULD BE ADDED","1940-2026","Plymouth","Breeze","Recommend adding as dropdown option"
"MISSING - SHOULD BE ADDED","1940-2026","Plymouth","Duster","Recommend adding as dropdown option"
"MISSING - SHOULD BE ADDED","1940-2026","Plymouth","GTX","Recommend adding as dropdown option"
"MISSING - SHOULD BE ADDED","1940-2026","Plymouth","Neon","Recommend adding as dropdown option"
"MISSING - SHOULD BE ADDED","1940-2026","Plymouth","Prowler","Recommend adding as dropdown option"
"MISSING - SHOULD BE ADDED","1940-2026","Plymouth","Road Runner","Recommend adding as dropdown option"
"MISSING - SHOULD BE ADDED","1940-2026","Plymouth","Satellite","Recommend adding as dropdown option"
"MISSING - SHOULD BE ADDED","1940-2026","Plymouth","Voyager","Recommend adding as dropdown option"
"MISSING - SHOULD BE ADDED","1940-2026","VinFast","VF 3","Recommend adding as dropdown option"
"MISSING - SHOULD BE ADDED","1940-2026","VinFast","VF 6","Recommend adding as dropdown option"
"MISSING - SHOULD BE ADDED","1940-2026","VinFast","VF 7","Recommend adding as dropdown option"
"MISSING - SHOULD BE ADDED","1940-2026","VinFast","VF 8","Recommend adding as dropdown option"
"MISSING - SHOULD BE ADDED","1940-2026","VinFast","VF 9","Recommend adding as dropdown option"
