Make,Model
"Acura","CL"
"Acura","Camry"
"Acura","ILX"
"Acura","Ilx"
"Acura","Integra"
"Acura","Integra Type s"
"Acura","Intergra"
"Acura","Javelin"
"Acura","MDX"
"Acura","Mdx"
"Acura","Nsx"
"Acura","RDX"
"Acura","RL"
"Acura","RSX"
"Acura","Rdx"
"Acura","Rsx"
"Acura","TL"
"Acura","TLX"
"Acura","TSX"
"Acura","TSX wagon"
"Acura","Tk"
"Acura","Tl"
"Acura","TlX"
"Acura","Tlx"
"Acura","Tsx"
"Acura","[TEST] THIS IS A TEST"
"Acura","ilx"
"Acura","nsx"
"Acura","rdx"
"Acura","sedan"
"Acura","test"
"Acura","tl"
"Acura","tlx"
"Acura","tsx"
"Alfa Romeo","164"
"Alfa Romeo","1750"
"Alfa Romeo","4C"
"Alfa Romeo","F4"
"Alfa Romeo","Giulia"
"Alfa Romeo","Guilia"
"Alfa Romeo","Stelvio"
"Alfa Romeo","Tonale"
"Alfa Romeo","Tr4"
"Alfa Romeo","hhhh"
"Alfa Romeo","rv"
"Alfa Romeo","stelvio"
"Aston Martin","3212"
"Aston Martin","Coup"
"Aston Martin","DB9"
"Aston Martin","Dbx"
"Aston Martin","Vantage"
"Aston Martin","db11"
"Audi","A3"
"Audi","A4"
"Audi","A4 allroad"
"Audi","A5"
"Audi","A5 Cabriolet"
"Audi","A6"
"Audi","A7"
"Audi","A8"
"Audi","Q3"
"Audi","Q5"
"Audi","Q5 Sportback"
"Audi","Q7"
"Audi","Q8"
"Audi","Q8 e-tron"
"Audi","RS3"
"Audi","RS4"
"Audi","RS5"
"Audi","RS6 Avant"
"Audi","S3"
"Audi","S4"
"Audi","S5"
"Audi","S6"
"Audi","S7"
"Audi","S8"
"Audi","TT"
"Audi","TTS"
"Audi","Tret"
"Audi","e-tron"
"Audi","e-tron GT"
"BMW","1 Series"
"BMW","2 Series"
"BMW","2002"
"BMW","3 Series"
"BMW","320e"
"BMW","320i"
"BMW","323i"
"BMW","325"
"BMW","325I"
"BMW","325e"
"BMW","325i"
"BMW","325i convertible"
"BMW","4 Series"
"BMW","5 Series"
"BMW","535"
"BMW","6 Series"
"BMW","633csi"
"BMW","7 Series"
"BMW","8 Series"
"BMW","Isetta"
"BMW","M2"
"BMW","M3"
"BMW","M4"
"BMW","M5"
"BMW","M6"
"BMW","M8"
"BMW","X1"
"BMW","X3"
"BMW","X3M"
"BMW","X4"
"BMW","X4M"
"BMW","X5"
"BMW","X5M"
"BMW","X6"
"BMW","X6M"
"BMW","X7"
"BMW","XM"
"BMW","Z3"
"BMW","Z4"
"BMW","i3"
"BMW","i4"
"BMW","i5"
"BMW","i7"
"BMW","iX"
"Bentley","Arnage"
"Bentley","Contentinal"
"Bentley","Continental"
"Bentley","Continental GT"
"Bentley","Continetal"
"Bentley","GT"
"Buick","41"
"Buick","91L"
"Buick","Buick Skylark Sportwagon"
"Buick","Cascada"
"Buick","Century"
"Buick","ENCORE GX"
"Buick","Electra"
"Buick","Electra 225"
"Buick","Electra 225 Limited"
"Buick","Electra 335"
"Buick","Enclave"
"Buick","Encode gx"
"Buick","Encore"
"Buick","Encore GX"
"Buick","Encore GX preferred"
"Buick","Encore Gx"
"Buick","Encore Sport"
"Buick","Envision"
"Buick","Envision Avinir"
"Buick","Envista"
"Buick","Envoy"
"Buick","Grand National"
"Buick","LACROSS"
"Buick","LaSabre"
"Buick","Lacrosse"
"Buick","Lactosse"
"Buick","Lasabre"
"Buick","Le sabre"
"Buick","LeSabre"
"Buick","Lesabre"
"Buick","Lucerne"
"Buick","Park Avenue"
"Buick","Park avenue"
"Buick","Reatta"
"Buick","Regal"
"Buick","Rendevous"
"Buick","Rendezvous"
"Buick","Riviera"
"Buick","Roadmaster"
"Buick","Skylark"
"Buick","Skylark convertible"
"Buick","Station wagon"
"Buick","Verano"
"Buick","encore"
"Buick","regal tourx"
"Buick","special"
"Buick","verano"
"Cadillac","50"
"Cadillac","62"
"Cadillac","ATS"
"Cadillac","ATS-V"
"Cadillac","ATX"
"Cadillac","Allante"
"Cadillac","Ats"
"Cadillac","Ats-v"
"Cadillac","Atsv"
"Cadillac","Baritz"
"Cadillac","C5"
"Cadillac","CT4"
"Cadillac","CT4V"
"Cadillac","CT5"
"Cadillac","CT5-V Blackwing"
"Cadillac","CT6 Sport"
"Cadillac","CTS"
"Cadillac","CTSV"
"Cadillac","Convertible"
"Cadillac","Coupe DeVille"
"Cadillac","Ct4"
"Cadillac","Ct5"
"Cadillac","Ct6"
"Cadillac","Cts"
"Cadillac","Cts-v"
"Cadillac","Ctsv"
"Cadillac","Ctv"
"Cadillac","DTS"
"Cadillac","DTS hearse"
"Cadillac","De Ville Convertible complete but not running"
"Cadillac","DeVille"
"Cadillac","Deville"
"Cadillac","Deville sedan"
"Cadillac","Dts"
"Cadillac","EXT"
"Cadillac","El Dorado"
"Cadillac","Elderado"
"Cadillac","Eldorado"
"Cadillac","Eldorado convertible"
"Cadillac","Elr"
"Cadillac","Escalade"
"Cadillac","Escalade ESV"
"Cadillac","Escalade EXT"
"Cadillac","Escalade Esv"
"Cadillac","Escalade Ext"
"Cadillac","Escalade es"
"Cadillac","Escalade esv"
"Cadillac","Escalade ext"
"Cadillac","Escalate"
"Cadillac","Escalate EXT"
"Cadillac","Esv"
"Cadillac","Ext"
"Cadillac","Exv"
"Cadillac","Fleetwood"
"Cadillac","Fleetwood 75 Hearse"
"Cadillac","Fleetwood 75 hearse"
"Cadillac","Fleetwood series 75"
"Cadillac","Lasalle"
"Cadillac","Lyric"
"Cadillac","Lyriq"
"Cadillac","Optiq"
"Cadillac","SRX"
"Cadillac","STX"
"Cadillac","Sedan diville"
"Cadillac","Series 75 Fleetwood"
"Cadillac","Seville"
"Cadillac","Srx"
"Cadillac","Sts"
"Cadillac","V8"
"Cadillac","Vistiq"
"Cadillac","XLR"
"Cadillac","XT 4"
"Cadillac","XT4"
"Cadillac","XT5"
"Cadillac","XT6"
"Cadillac","XTS"
"Cadillac","Xlr"
"Cadillac","Xt4"
"Cadillac","Xt5"
"Cadillac","Xts"
"Cadillac","amg c62"
"Cadillac","ats"
"Cadillac","dts"
"Cadillac","eldorado"
"Cadillac","escalade"
"Cadillac","series 62"
"Cadillac","sts"
"Cadillac","xt4"
"Cadillac","xt6"
"Chevrolet","1500"
"Chevrolet","210"
"Chevrolet","3100"
"Chevrolet","3100 4X4"
"Chevrolet","3100 truck"
"Chevrolet","3500"
"Chevrolet","3700 pickup"
"Chevrolet","3800 Panel Truck"
"Chevrolet","4400"
"Chevrolet","Apache"
"Chevrolet","Astro"
"Chevrolet","Astro van"
"Chevrolet","Avalanche"
"Chevrolet","Aveo"
"Chevrolet","B210 Wagon"
"Chevrolet","Bel Air"
"Chevrolet","Bel Air Convertible"
"Chevrolet","Bel air"
"Chevrolet","Belair"
"Chevrolet","Belair station wagon"
"Chevrolet","Biscayne"
"Chevrolet","Blazer"
"Chevrolet","Blazer k5"
"Chevrolet","Bolt EV EUV"
"Chevrolet","C 10"
"Chevrolet","C K Series"
"Chevrolet","C-10"
"Chevrolet","C/K10"
"Chevrolet","C10"
"Chevrolet","C10 Pickup Long bed"
"Chevrolet","C10 Stepside"
"Chevrolet","C10 short bed"
"Chevrolet","C20"
"Chevrolet","C20 crewcab short bed"
"Chevrolet","C20 crewcab short bef"
"Chevrolet","C20 pickup"
"Chevrolet","C30"
"Chevrolet","C30 crew cab w car hauler bed. 32'OA"
"Chevrolet","C30 dually"
"Chevrolet","C60"
"Chevrolet","CAMARO"
"Chevrolet","Camaro"
"Chevrolet","Camero"
"Chevrolet","Caprice"
"Chevrolet","Captiva Sport"
"Chevrolet","Che Elle Malibu SS"
"Chevrolet","Chevelle"
"Chevrolet","Chevelle Malibu"
"Chevrolet","Chevy ll"
"Chevrolet","Cobalt"
"Chevrolet","Colorado"
"Chevrolet","Corvair"
"Chevrolet","Corvair Pickup"
"Chevrolet","Corvette"
"Chevrolet","Corvette - non running"
"Chevrolet","Corvette m"
"Chevrolet","Corvetter"
"Chevrolet","Coupe"
"Chevrolet","Covair"
"Chevrolet","Cruze"
"Chevrolet","Deluxe"
"Chevrolet","EL Camino"
"Chevrolet","El Camino"
"Chevrolet","El camino"
"Chevrolet","Equinox"
"Chevrolet","Express"
"Chevrolet","Express 3500 Cutaway"
"Chevrolet","Express 4500 Cutaway"
"Chevrolet","Express Cargo Van"
"Chevrolet","F150"
"Chevrolet","Fleetline"
"Chevrolet","Fleetmaster"
"Chevrolet","G-Series Van"
"Chevrolet","HHR"
"Chevrolet","Impala"
"Chevrolet","K10"
"Chevrolet","K10 pickup"
"Chevrolet","K10 pickup shortbed"
"Chevrolet","K20"
"Chevrolet","K30"
"Chevrolet","K3500"
"Chevrolet","K39"
"Chevrolet","K5 Blazer"
"Chevrolet","Lumina"
"Chevrolet","Luv"
"Chevrolet","Malibu"
"Chevrolet","Master Deluxe  1938"
"Chevrolet","Master Deluxe "" 1938   """
"Chevrolet","Metro"
"Chevrolet","Monte Carlo"
"Chevrolet","Monte Carlo SS"
"Chevrolet","Monte Carlo ss"
"Chevrolet","Monte Carlos SS"
"Chevrolet","Monte carlo"
"Chevrolet","Nova"
"Chevrolet","Nova wagon"
"Chevrolet","P10 Ice Cream Truck"
"Chevrolet","Pickup"
"Chevrolet","R30"
"Chevrolet","R30 Reg Cab"
"Chevrolet","S-10"
"Chevrolet","S10"
"Chevrolet","SS"
"Chevrolet","SSR"
"Chevrolet","Scottsdale"
"Chevrolet","Sedan"
"Chevrolet","Silverado"
"Chevrolet","Silverado 1500"
"Chevrolet","Silverado 2500HD"
"Chevrolet","Silverado 3500HD"
"Chevrolet","Silverado k30 long bed dually"
"Chevrolet","Sonic"
"Chevrolet","Station wagon"
"Chevrolet","Stepside"
"Chevrolet","Suburban"
"Chevrolet","Tahoe"
"Chevrolet","Tbird"
"Chevrolet","Tracker"
"Chevrolet","Trailblazer"
"Chevrolet","Traverse"
"Chevrolet","Truck"
"Chevrolet","Vega"
"Chevrolet","Venture"
"Chevrolet","Vette"
"Chevrolet","Volt"
"Chevrolet","WL-UG63PD25"
"Chevrolet","Wagon"
"Chevrolet","Z28"
"Chevrolet","belair"
"Chevrolet","biscayne"
"Chevrolet","c-10"
"Chevrolet","camaro"
"Chevrolet","chevelle"
"Chevrolet","corvette"
"Chevrolet","el camino"
"Chevrolet","elcamino"
"Chevrolet","g20"
"Chevrolet","impala"
"Chevrolet","k10"
"Chevrolet","k1500"
"Chevrolet","sedan delivery"
"Chevrolet","vega"
"Chrysler","200"
"Chrysler","300"
"Chrysler","3000"
"Chrysler","300F"
"Chrysler","300M"
"Chrysler","300c"
"Chrysler","300m"
"Chrysler","300s"
"Chrysler","54"
"Chrysler","Barracuda"
"Chrysler","C300"
"Chrysler","Cirrus"
"Chrysler","Conquest"
"Chrysler","Cordoba"
"Chrysler","Corvette"
"Chrysler","Cross fire"
"Chrysler","Crossfire"
"Chrysler","Gremlin"
"Chrysler","New Yorker"
"Chrysler","New Yorker 2dr"
"Chrysler","Newport"
"Chrysler","PT Cruiser"
"Chrysler","PT cruiser"
"Chrysler","Pacifia"
"Chrysler","Pacific"
"Chrysler","Pacifica"
"Chrysler","Pt cruiser"
"Chrysler","Pt cruzer"
"Chrysler","SEBRING"
"Chrysler","Sebring"
"Chrysler","Sebring  convertible"
"Chrysler","Sebring Convertible"
"Chrysler","Silverado"
"Chrysler","Studebaker"
"Chrysler","Sunbeam Imp"
"Chrysler","Town & Country"
"Chrysler","Town & country"
"Chrysler","Town and Country"
"Chrysler","Town and Country van"
"Chrysler","Town and country"
"Chrysler","Winsor"
"Chrysler","aspen"
"Chrysler","crossfire"
"Chrysler","fireflite"
"Chrysler","pacifica"
"Chrysler","rambler wagon"
"Chrysler","sebring"
"Dodge","Avenger"
"Dodge","B 200"
"Dodge","B250 Ram Van"
"Dodge","Caravan"
"Dodge","Challenger"
"Dodge","Charger"
"Dodge","Coronet"
"Dodge","Custom 880"
"Dodge","Custom royal sedan"
"Dodge","D100"
"Dodge","D150"
"Dodge","D200"
"Dodge","D200 D250"
"Dodge","D250"
"Dodge","D300 D350"
"Dodge","D600"
"Dodge","Dakota"
"Dodge","Dart"
"Dodge","Dart GT"
"Dodge","Deluxe"
"Dodge","Diamond t"
"Dodge","Durango"
"Dodge","Duster"
"Dodge","Grand Caravan"
"Dodge","Journey"
"Dodge","Monaco"
"Dodge","Neon"
"Dodge","Nitro"
"Dodge","Pickup"
"Dodge","Polaris"
"Dodge","Power Wagon"
"Dodge","Ram"
"Dodge","Ram 1500"
"Dodge","Ram 2500"
"Dodge","Ram 3500"
"Dodge","Ram Van"
"Dodge","Ram charger"
"Dodge","Ramcharger"
"Dodge","Regular Cab Short Bed 1/2 Pickup"
"Dodge","Sprinter"
"Dodge","Stratus"
"Dodge","Super Bee"
"Dodge","Tradesman"
"Dodge","Truck"
"Dodge","Van"
"Dodge","Viper"
"Dodge","W100"
"Dodge","W200"
"Dodge","WD20"
"Dodge","challenger"
"Dodge","custom"
"Dodge","dart"
"Dodge","sedan"
"Dodge","van"
"Eagle","Talon"
"Ferrari","F430"
"Ferrari","Fpmonticelli@gmail.comCalifornia"
"Ferrari","f360 spider"
"Fiat","131"
"Fiat","300X Lounge"
"Fiat","500"
"Fiat","500 Abarth"
"Fiat","500 abarth"
"Fiat","500E"
"Fiat","500e"
"Fiat","850 Spider"
"Fiat","Spider 124"
"Fiat","Spitfire"
"Fiat","TR6"
"Fisker","Ocean"
"Fisker","ocean 1"
"Ford","100"
"Ford","1988"
"Ford","2dr"
"Ford","3-dow"
"Ford","37"
"Ford","A"
"Ford","AC Cobra"
"Ford","Anglia"
"Ford","BRONCO"
"Ford","Bronco"
"Ford","Bronco 2"
"Ford","Bronco II"
"Ford","Bronco Sport"
"Ford","Bronco ii"
"Ford","C-Max"
"Ford","Chateau"
"Ford","Club Wagon"
"Ford","Coup"
"Ford","Coupe"
"Ford","Courier"
"Ford","Custom Van"
"Ford","Customline"
"Ford","Deluxe"
"Ford","E 250"
"Ford","E-350 Cutaway"
"Ford","E-Series"
"Ford","E150"
"Ford","Early Bronco"
"Ford","EcoSport"
"Ford","Econoline"
"Ford","Edge"
"Ford","Escape"
"Ford","Escort"
"Ford","Expedition"
"Ford","Explorer"
"Ford","Explorer Sport Trac"
"Ford","F 100"
"Ford","F 150"
"Ford","F-100"
"Ford","F-150"
"Ford","F-150 Lightning"
"Ford","F-250"
"Ford","F-250 Single Cab 8' Bed"
"Ford","F-350"
"Ford","F-450 Cutaway"
"Ford","F-450 F-550"
"Ford","F-50"
"Ford","F-550 Cutaway"
"Ford","F1"
"Ford","F100"
"Ford","F100 Short Bed"
"Ford","F150"
"Ford","F250"
"Ford","F250 ext cab long bed"
"Ford","F350"
"Ford","F350 crew cab long ox"
"Ford","Fairlane"
"Ford","Fairlane 500"
"Ford","Falcon"
"Ford","Fiesta"
"Ford","Flex"
"Ford","Focus"
"Ford","Fusion"
"Ford","Galaxie"
"Ford","Galaxie 500 xl convertible"
"Ford","Galaxie Station Wagon"
"Ford","Galaxy"
"Ford","Gran Torino"
"Ford","Granada"
"Ford","LTD II WAGON"
"Ford","Ltd"
"Ford","Maverick 2022"
"Ford","Model A"
"Ford","Model T"
"Ford","Model t"
"Ford","Mustang"
"Ford","Mustang II"
"Ford","Mustang Mach-E"
"Ford","Mustang convertible"
"Ford","Mustang gt"
"Ford","Mustang ll"
"Ford","Mustang two of them"
"Ford","Outdoor Inn campervan"
"Ford","Pickup"
"Ford","Pickup no motor Do not give my number to anyone. I will not give you my business.."
"Ford","Pickup truck"
"Ford","Pinto"
"Ford","Pinto wagon"
"Ford","Ranchero"
"Ford","Ranger"
"Ford","Roadster"
"Ford","Sedan"
"Ford","Super Deluxe"
"Ford","Super Duty Series"
"Ford","Super deluxe coupe"
"Ford","Supreme Deluxe"
"Ford","Taurus"
"Ford","Tbird"
"Ford","Tbucket"
"Ford","Thunderbird"
"Ford","Thunderbird turbo coup"
"Ford","Torino"
"Ford","Torino GT Convertible"
"Ford","Transit"
"Ford","Transit Cargo Van"
"Ford","Transit Connect"
"Ford","Victoria"
"Ford","crestline"
"Ford","deluxe coupe"
"Ford","e350"
"Ford","f100"
"Ford","f250"
"Ford","f250 Extended cab"
"Ford","ltd"
"Ford","model a"
"Ford","model a roadster"
"Ford","mustang"
"Ford","panel"
"Ford","shelby cobra"
"Ford","thunderbird"
"GMC","1500"
"GMC","2500"
"GMC","2500 pick up"
"GMC","3100"
"GMC","3500 1 ton tow truck"
"GMC","Acadia"
"GMC","C1000"
"GMC","C1500"
"GMC","C35"
"GMC","Caballero"
"GMC","Canyon"
"GMC","Envoy"
"GMC","Hummer EV"
"GMC","Hummer EV SUV"
"GMC","Jimmy"
"GMC","Jimmy S15"
"GMC","K10"
"GMC","K20"
"GMC","K20 3/4 ton pickup truck"
"GMC","Pick-up"
"GMC","Pickup"
"GMC","R1500"
"GMC","S15"
"GMC","Safari"
"GMC","Savana Cargo Van"
"GMC","Savana Passenger Van"
"GMC","Sierra"
"GMC","Sierra 1500"
"GMC","Sierra 2500 HD"
"GMC","Sierra 3500 HD"
"GMC","Sierra classic 1500"
"GMC","Sprint (El Camino)"
"GMC","Studebaker-Dictator"
"GMC","Suburban"
"GMC","Terrain"
"GMC","Typhoon"
"GMC","Yukon"
"GMC","Yukon XL"
"GMC","custom"
"GMC","pickup"
"Genesis","Cv70 gas"
"Genesis","G70"
"Genesis","G80"
"Genesis","GV70"
"Genesis","GV80"
"Genesis","Gv70"
"Genesis","Gv80"
"Genesis","Sedan"
"Genesis","g70"
"Geo","Tracker"
"Honda","Accord"
"Honda","Accord Hybrid"
"Honda","CR-V"
"Honda","Civic"
"Honda","Civic Hybrid"
"Honda","Crosstour"
"Honda","Crx"
"Honda","Element"
"Honda","Fit"
"Honda","HR-V"
"Honda","Insight"
"Honda","Insight Hybrid"
"Honda","N600"
"Honda","Odyssey"
"Honda","Passport"
"Honda","Pilot"
"Honda","Prelude"
"Honda","Prologue"
"Honda","Ridgeline"
"Honda","S2000"
"Hummer","EV"
"Hummer","H1"
"Hummer","H1 Alpha"
"Hummer","H2"
"Hummer","H2 SUT crew-cab"
"Hummer","H2 SUT sports utility truck crew cab"
"Hummer","H2 SUT sports utility truck crew cab H-6’x7”"
"Hummer","H2 SUT sports utility truck crew cab H6’x7”"
"Hummer","H3"
"Hummer","M1097A2"
"Hummer","M1123 HMMWV"
"Hyundai","Accent"
"Hyundai","Azera"
"Hyundai","Elantra"
"Hyundai","Genesis"
"Hyundai","Genesis Coupe"
"Hyundai","Ioniq"
"Hyundai","Ioniq 5"
"Hyundai","Ioniq 6"
"Hyundai","Kona"
"Hyundai","Kona Electric"
"Hyundai","Kona N"
"Hyundai","Palisade"
"Hyundai","Santa Fe"
"Hyundai","Santa Fe Hybrid"
"Hyundai","Sonata"
"Hyundai","Tiburon"
"Hyundai","Tucson"
"Hyundai","Veloster"
"Infiniti","2014"
"Infiniti","FX35"
"Infiniti","Fx35"
"Infiniti","G25"
"Infiniti","G35"
"Infiniti","G35 coupe"
"Infiniti","G37"
"Infiniti","G37x"
"Infiniti","JX35"
"Infiniti","Jx35"
"Infiniti","M35"
"Infiniti","M45"
"Infiniti","Q40"
"Infiniti","Q45"
"Infiniti","Q50"
"Infiniti","Q50s"
"Infiniti","Q60"
"Infiniti","Q70"
"Infiniti","Q70L"
"Infiniti","Q80"
"Infiniti","QX 50"
"Infiniti","QX50"
"Infiniti","QX56"
"Infiniti","QX60"
"Infiniti","QX70"
"Infiniti","QX80"
"Infiniti","Qx 80"
"Infiniti","Qx60"
"Infiniti","Qx80"
"Infiniti","qx60"
"International","1300C"
"International","2 Scout 800 rollers"
"International","4700 Durastar"
"International","A110"
"International","C110 4-door pick up"
"International","Loadstar"
"International","Mg midget"
"International","S120 Travelall"
"International","Scout"
"International","Scout II"
"International","Scout ii"
"International","Travelall"
"International","loadstar"
"Isuzu","Grenadier"
"Isuzu","Pickup"
"Isuzu","Rodeo"
"Isuzu","Trooper II"
"Isuzu","trooper"
"Jaguar","EPace P300"
"Jaguar","F Pace"
"Jaguar","F pace"
"Jaguar","F type"
"Jaguar","F-Pace"
"Jaguar","F-Type"
"Jaguar","F-type"
"Jaguar","Ipace"
"Jaguar","Jaguar xkr"
"Jaguar","S Type"
"Jaguar","S type"
"Jaguar","S-type"
"Jaguar","Sport wagon"
"Jaguar","Triumph TR7 Sports Car"
"Jaguar","X type"
"Jaguar","XE"
"Jaguar","XF"
"Jaguar","XJ8 Vanden Plas"
"Jaguar","XJS"
"Jaguar","XK"
"Jaguar","XKR"
"Jaguar","Xe"
"Jaguar","Xf"
"Jaguar","Xjs"
"Jaguar","Xk"
"Jaguar","Xk8"
"Jaguar","convertible"
"Jaguar","f-type"
"Jaguar","xe"
"Jaguar","xf"
"Jaguar","xj8"
"Jeep","CJ"
"Jeep","CJ-7"
"Jeep","CJ2"
"Jeep","CJ2-A"
"Jeep","CJ3b"
"Jeep","CJ5"
"Jeep","CJ7"
"Jeep","Cheeokee"
"Jeep","Cherokee"
"Jeep","Cj2a"
"Jeep","Cj3b"
"Jeep","Cj5"
"Jeep","Cj7"
"Jeep","Comanche"
"Jeep","Commander"
"Jeep","Commando"
"Jeep","Compass"
"Jeep","Gladiator"
"Jeep","Grand Cherokee"
"Jeep","Grand Cherokee 4xe"
"Jeep","Grand Cherokee L"
"Jeep","Grand Cherokee SRT"
"Jeep","Grand Wagoneer"
"Jeep","Liberty"
"Jeep","M715"
"Jeep","MB"
"Jeep","Patriot"
"Jeep","Renegade"
"Jeep","Scrambler"
"Jeep","Wagoneer"
"Jeep","Willis C3"
"Jeep","Willys"
"Jeep","Willys truck (custom)"
"Jeep","Wrangler"
"Jeep","Wrangler 4xe"
"Jeep","Wrangler Unlimited"
"Jeep","wrangler"
"Kia","Amanti"
"Kia","Borrego"
"Kia","Cadenza"
"Kia","Carnival"
"Kia","EV6"
"Kia","EV9"
"Kia","Forte"
"Kia","K5"
"Kia","Niro"
"Kia","Niro Hybrid"
"Kia","Optima"
"Kia","Optima Hybrid"
"Kia","Rio"
"Kia","Sedona"
"Kia","Seltos"
"Kia","Sorento"
"Kia","Sorento Hybrid"
"Kia","Sorento PHEV"
"Kia","Soul"
"Kia","Sportage"
"Kia","Sportage Hybrid"
"Kia","Stinger"
"Kia","Telluride"
"Lamborghini","Revulto"
"Lamborghini","Urus"
"Lamborghini","X"
"Land Rover","Defender"
"Land Rover","Defender 110"
"Land Rover","Defender 90"
"Land Rover","Discorry"
"Land Rover","Discovery"
"Land Rover","Discovery 2"
"Land Rover","Discovery sport"
"Land Rover","Evoke"
"Land Rover","Evoque SE"
"Land Rover","Evoque convertible"
"Land Rover","Grenadier"
"Land Rover","LAND ROVER WESTMINSTER"
"Land Rover","LR2"
"Land Rover","LR3"
"Land Rover","LR4"
"Land Rover","Lr3"
"Land Rover","Lr4"
"Land Rover","P525 hse 4wd"
"Land Rover","Rang rover"
"Land Rover","Range Rover"
"Land Rover","Range Rover County"
"Land Rover","Range Rover Evoque"
"Land Rover","Range Rover HSE"
"Land Rover","Range Rover Sport"
"Land Rover","Range Rover Sport HSE LUX"
"Land Rover","Range Rover Sport hse"
"Land Rover","Range Rover eqvoue"
"Land Rover","Range Rover sport"
"Land Rover","Range Rover sport HSE"
"Land Rover","Range rover"
"Land Rover","Range rover sport"
"Land Rover","RangecRover"
"Land Rover","SE LWB"
"Land Rover","Sport"
"Land Rover","Sport SUV"
"Land Rover","Sport hsv"
"Land Rover","Velar"
"Land Rover","land rover westminster"
"Land Rover","range"
"Land Rover","range rover"
"Land Rover","series iii"
"Land Rover","sw"
"Lexus","CT"
"Lexus","ES"
"Lexus","GS"
"Lexus","GX"
"Lexus","IS"
"Lexus","IS F"
"Lexus","LC"
"Lexus","LS"
"Lexus","LX"
"Lexus","NX"
"Lexus","RC"
"Lexus","RC F"
"Lexus","RX"
"Lexus","RZ"
"Lexus","SC"
"Lexus","TX"
"Lexus","UX"
"Lincoln","1929 Victoria Coupe"
"Lincoln","Aviator"
"Lincoln","Blackwood"
"Lincoln","Continental"
"Lincoln","Corsair"
"Lincoln","Federal Hearse"
"Lincoln","MKC"
"Lincoln","MKS"
"Lincoln","MKX"
"Lincoln","MKZ"
"Lincoln","Mark 6"
"Lincoln","Mark III"
"Lincoln","Mark VII"
"Lincoln","Mkc"
"Lincoln","Mks"
"Lincoln","Mkt"
"Lincoln","Mkx"
"Lincoln","Mkz"
"Lincoln","Mkz hybrid"
"Lincoln","Nautilas"
"Lincoln","Nautilus"
"Lincoln","Navigader"
"Lincoln","Navigator"
"Lincoln","Navigator L"
"Lincoln","Town Car"
"Lincoln","Town car"
"Lincoln","Towncar"
"Lincoln","Zephyr"
"Lincoln","corsair"
"Lincoln","mark 7"
"Lincoln","mkz"
"Lincoln","nautilis"
"Lincoln","navigator"
"Lincoln","navigator l"
"Lotus","DeLorean"
"Lotus","Elise"
"Lotus","Emira"
"Lotus","Exige"
"Lucid","Air"
"Lucid","Grand touring"
"Lucid","gravity"
"Maserati","Ghibli"
"Maserati","Gran Tourismo"
"Maserati","Gran Turismo"
"Maserati","Gran Turismo convertible"
"Maserati","Gran tourismo"
"Maserati","Grandtrusmio"
"Maserati","Grandturismo"
"Maserati","Grecale"
"Maserati","Levante"
"Maserati","Quatroporte"
"Maserati","Quattroporte"
"Maserati","Quttroporte"
"Maserati","Shamal"
"Mazda","2"
"Mazda","3"
"Mazda","5"
"Mazda","6"
"Mazda","626"
"Mazda","B2000"
"Mazda","B2200"
"Mazda","C-X9"
"Mazda","CX -5"
"Mazda","CX 5"
"Mazda","CX-30"
"Mazda","CX-5"
"Mazda","CX-5 2.5 S"
"Mazda","CX-50"
"Mazda","CX-50 Hybrid"
"Mazda","CX-9"
"Mazda","CX3"
"Mazda","CX5"
"Mazda","CX50"
"Mazda","CX9"
"Mazda","CX90"
"Mazda","Cc7"
"Mazda","Cr50"
"Mazda","Cx -90"
"Mazda","Cx-30"
"Mazda","Cx-5"
"Mazda","Cx-50"
"Mazda","Cx-9"
"Mazda","Cx-90"
"Mazda","Cx30"
"Mazda","Cx5"
"Mazda","Cx9"
"Mazda","M-3 hatchback"
"Mazda","M3"
"Mazda","MX-5"
"Mazda","MX-5 Miata"
"Mazda","MX-5 miata"
"Mazda","MX5"
"Mazda","MX6"
"Mazda","Mazda 2"
"Mazda","Mazda 3"
"Mazda","Mazda 6"
"Mazda","Mazda3"
"Mazda","Mazda3 hatchback"
"Mazda","Mazda6"
"Mazda","Mazdaspeed 3"
"Mazda","Mazdaspeed3"
"Mazda","Miata"
"Mazda","Miata MX5"
"Mazda","Miata mx5"
"Mazda","Mx-5 Miata"
"Mazda","Mx5"
"Mazda","Protoge"
"Mazda","Qx90"
"Mazda","RX7"
"Mazda","RX8"
"Mazda","Rotary pickup"
"Mazda","Rotary pickup truck"
"Mazda","Rx-8"
"Mazda","Rx7"
"Mazda","Rx8"
"Mazda","Speed 3"
"Mazda","Speed3"
"Mazda","Suv"
"Mazda","Tribute"
"Mazda","Truck"
"Mazda","cx30"
"Mazda","cx5"
"Mazda","mazda6"
"Mazda","miata"
"Mazda","mx-5 miata"
"McLaren","650s spyder"
"Mercedes","1986"
"Mercedes","2500 Sprinter van"
"Mercedes","300SD"
"Mercedes","300SL"
"Mercedes","320 cdi"
"Mercedes","380sl"
"Mercedes","450 SL"
"Mercedes","450sl"
"Mercedes","560sec"
"Mercedes","560sl"
"Mercedes","C class"
"Mercedes","C class sedan"
"Mercedes","C230"
"Mercedes","C300"
"Mercedes","Cls"
"Mercedes","E"
"Mercedes","E300 Cabriolet"
"Mercedes","E320"
"Mercedes","E350"
"Mercedes","E360"
"Mercedes","E400"
"Mercedes","E450"
"Mercedes","G wagon"
"Mercedes","G-Wagon"
"Mercedes","GL 550"
"Mercedes","GLA"
"Mercedes","GLA 250"
"Mercedes","GLA250"
"Mercedes","GLC"
"Mercedes","GLE 350"
"Mercedes","GLK"
"Mercedes","Gl 450"
"Mercedes","Gl450"
"Mercedes","Gla 250"
"Mercedes","Glk350"
"Mercedes","Gls"
"Mercedes","ML 350"
"Mercedes","ML350"
"Mercedes","Metris"
"Mercedes","Ml500"
"Mercedes","S 55 AMG"
"Mercedes","S class"
"Mercedes","S550"
"Mercedes","SL500"
"Mercedes","SLK350"
"Mercedes","Sl 550"
"Mercedes","Sl300"
"Mercedes","Sl500"
"Mercedes","Sleep 320"
"Mercedes","Slk"
"Mercedes","Sprinter"
"Mercedes","The SL509"
"Mercedes","glc"
"Mercedes","glk 350"
"Mercedes-Benz","280 SE"
"Mercedes-Benz","300 GLC"
"Mercedes-Benz","300 SL"
"Mercedes-Benz","300TD"
"Mercedes-Benz","300e"
"Mercedes-Benz","350gle"
"Mercedes-Benz","380SL"
"Mercedes-Benz","420sel"
"Mercedes-Benz","4matic"
"Mercedes-Benz","500 sl"
"Mercedes-Benz","500sl"
"Mercedes-Benz","550sl"
"Mercedes-Benz","560 sel"
"Mercedes-Benz","560SL"
"Mercedes-Benz","560s"
"Mercedes-Benz","560sl"
"Mercedes-Benz","580"
"Mercedes-Benz","A-class"
"Mercedes-Benz","A220"
"Mercedes-Benz","AMG GLS43 Coupe"
"Mercedes-Benz","AMG GT S"
"Mercedes-Benz","AMG S63"
"Mercedes-Benz","AMG SL 63"
"Mercedes-Benz","Amg"
"Mercedes-Benz","Amg GT"
"Mercedes-Benz","Amg gle"
"Mercedes-Benz","C 300"
"Mercedes-Benz","C 300 Cabriolet"
"Mercedes-Benz","C Class"
"Mercedes-Benz","C class 35 amg"
"Mercedes-Benz","C-Class"
"Mercedes-Benz","C230k"
"Mercedes-Benz","C240"
"Mercedes-Benz","C250"
"Mercedes-Benz","C300"
"Mercedes-Benz","C300 coupe"
"Mercedes-Benz","C350"
"Mercedes-Benz","C63S AMG"
"Mercedes-Benz","CL 550"
"Mercedes-Benz","CL550"
"Mercedes-Benz","CL600"
"Mercedes-Benz","CLA 250"
"Mercedes-Benz","CLA 45"
"Mercedes-Benz","CLE450"
"Mercedes-Benz","CLK"
"Mercedes-Benz","CLK  320"
"Mercedes-Benz","CLK 350 text phone number below"
"Mercedes-Benz","CLS 50”"
"Mercedes-Benz","CLS 550"
"Mercedes-Benz","CLS550"
"Mercedes-Benz","Cla"
"Mercedes-Benz","Cla250"
"Mercedes-Benz","Clk"
"Mercedes-Benz","Clk 350"
"Mercedes-Benz","Cls550"
"Mercedes-Benz","Crossover"
"Mercedes-Benz","E"
"Mercedes-Benz","E 320"
"Mercedes-Benz","E 350"
"Mercedes-Benz","E 53"
"Mercedes-Benz","E 550"
"Mercedes-Benz","E class"
"Mercedes-Benz","E-Class"
"Mercedes-Benz","E300"
"Mercedes-Benz","E300d"
"Mercedes-Benz","E320"
"Mercedes-Benz","E350"
"Mercedes-Benz","E350 4 magic"
"Mercedes-Benz","E350 convertible"
"Mercedes-Benz","E400 cabriolet"
"Mercedes-Benz","E450"
"Mercedes-Benz","E500"
"Mercedes-Benz","E500 4matic"
"Mercedes-Benz","E550"
"Mercedes-Benz","E550 Cabriolet"
"Mercedes-Benz","E550 cabriolet"
"Mercedes-Benz","E550 convertible"
"Mercedes-Benz","EQE SUV"
"Mercedes-Benz","EQS 580"
"Mercedes-Benz","EQS580"
"Mercedes-Benz","Eclass"
"Mercedes-Benz","G550"
"Mercedes-Benz","G63"
"Mercedes-Benz","GL"
"Mercedes-Benz","GL300"
"Mercedes-Benz","GL450"
"Mercedes-Benz","GL550"
"Mercedes-Benz","GLA"
"Mercedes-Benz","GLA 250"
"Mercedes-Benz","GLB"
"Mercedes-Benz","GLC"
"Mercedes-Benz","GLC 300"
"Mercedes-Benz","GLC 300 4matic"
"Mercedes-Benz","GLC 350e"
"Mercedes-Benz","GLC 43"
"Mercedes-Benz","GLC300"
"Mercedes-Benz","GLE"
"Mercedes-Benz","GLE 350 4matic"
"Mercedes-Benz","GLE 43 AMG coupe"
"Mercedes-Benz","GLE 450"
"Mercedes-Benz","GLE 450e"
"Mercedes-Benz","GLE AMG 53 coupe"
"Mercedes-Benz","GLE COUPE S 63 AMG"
"Mercedes-Benz","GLE coupe"
"Mercedes-Benz","GLE-53"
"Mercedes-Benz","GLE350"
"Mercedes-Benz","GLK 350"
"Mercedes-Benz","GLS"
"Mercedes-Benz","GLS 450"
"Mercedes-Benz","Gl350"
"Mercedes-Benz","Gl550"
"Mercedes-Benz","Gla 250"
"Mercedes-Benz","Gla250"
"Mercedes-Benz","Glb 250"
"Mercedes-Benz","Glb-250"
"Mercedes-Benz","Glc 300"
"Mercedes-Benz","Glc300"
"Mercedes-Benz","Gle"
"Mercedes-Benz","Gle 350"
"Mercedes-Benz","Gle350"
"Mercedes-Benz","Glk"
"Mercedes-Benz","Glk 2015 Mercedes benz"
"Mercedes-Benz","Gls"
"Mercedes-Benz","Gls450"
"Mercedes-Benz","Gs350"
"Mercedes-Benz","Gt43"
"Mercedes-Benz","Gwagon"
"Mercedes-Benz","H Wagon"
"Mercedes-Benz","ML 350"
"Mercedes-Benz","ML550"
"Mercedes-Benz","Ml350 4matic"
"Mercedes-Benz","S 550"
"Mercedes-Benz","S class"
"Mercedes-Benz","S-550"
"Mercedes-Benz","S320"
"Mercedes-Benz","S420"
"Mercedes-Benz","S500"
"Mercedes-Benz","S550"
"Mercedes-Benz","S550  4matic"
"Mercedes-Benz","S560"
"Mercedes-Benz","S580"
"Mercedes-Benz","S63"
"Mercedes-Benz","S63 Couoe"
"Mercedes-Benz","SL"
"Mercedes-Benz","SL380"
"Mercedes-Benz","SL500"
"Mercedes-Benz","SL600"
"Mercedes-Benz","SLK"
"Mercedes-Benz","SLK 250"
"Mercedes-Benz","SLK 280"
"Mercedes-Benz","SLK 32 AMG"
"Mercedes-Benz","SLK 350"
"Mercedes-Benz","SLK350"
"Mercedes-Benz","Sl500"
"Mercedes-Benz","Slk 230"
"Mercedes-Benz","Slk350"
"Mercedes-Benz","Slk55"
"Mercedes-Benz","Sprinter"
"Mercedes-Benz","Sprinter 2500"
"Mercedes-Benz","Sprinter 3500"
"Mercedes-Benz","Sprinter Cargo 2500 Van"
"Mercedes-Benz","Sprinter Cargo Van"
"Mercedes-Benz","Sprinter Passenger High roof 144"
"Mercedes-Benz","Sprinter cab and chassis"
"Mercedes-Benz","cls53"
"Mercedes-Benz","eqe"
"Mercedes-Benz","gl550"
"Mercedes-Benz","gls450"
"Mercedes-Benz","s100"
"Mercedes-Benz","s550"
"Mercury","Comet"
"Mercury","Cougar"
"Mercury","Grand Marque"
"Mercury","Grand Marquis"
"Mercury","Grand marquis"
"Mercury","Mariner hybrid"
"Mercury","Monteray"
"Mercury","Monterey"
"Mercury","Mountaineer"
"Mercury","Mountianeer"
"Mercury","Sable"
"Mercury","UE"
"Mercury","Xr4ti"
"Mercury","comet"
"Mini","COOPER"
"Mini","Clubman"
"Mini","Convertible"
"Mini","Cooper"
"Mini","Cooper 4-Dr hardtop"
"Mini","Cooper Clubman"
"Mini","Cooper Countryman S Park Lane"
"Mini","Cooper S"
"Mini","Cooper S 2D"
"Mini","Copper"
"Mini","Countryman"
"Mini","Hardtop 2 door SE"
"Mini","Hardtop 2 door jcw"
"Mini","It weighs 1,347 pounds MKIV"
"Mini","MG MGB"
"Mini","MGB GT (not a Mini)"
"Mini","Mini cooper sport 2 door"
"Mini","Nash Metropolitan- not running"
"Mini","Paceman"
"Mini","S"
"Mini","Type S"
"Mini","convertible"
"Mini","cooper"
"Mini","country ma"
"Mini","countryman"
"Mini","s"
"Mitsubishi","3000GT Spyder"
"Mitsubishi","3000gt"
"Mitsubishi","Eclipse"
"Mitsubishi","Eclipse Crossover"
"Mitsubishi","Eclipse Spyder"
"Mitsubishi","Eclipse cross"
"Mitsubishi","FEC92S"
"Mitsubishi","Fuso"
"Mitsubishi","Galant"
"Mitsubishi","Imrv"
"Mitsubishi","Lancer"
"Mitsubishi","Lancer Evolution"
"Mitsubishi","Lancer Evolution 5"
"Mitsubishi","Lancer GT"
"Mitsubishi","Lancer evolution"
"Mitsubishi","Mirage"
"Mitsubishi","Mirage g4"
"Mitsubishi","Montero"
"Mitsubishi","Montero Sport"
"Mitsubishi","Outlander"
"Mitsubishi","Outlander ES"
"Mitsubishi","Outlander Sport"
"Mitsubishi","Outlander sport"
"Mitsubishi","Pickup truck"
"Mitsubishi","eclipse"
"Mitsubishi","lancer"
"Mitsubishi","outlander"
"Nissan","""Datsun"" 260Z"
"Nissan","1200"
"Nissan","240 sx"
"Nissan","240SX"
"Nissan","240Z"
"Nissan","240sx"
"Nissan","240z"
"Nissan","260z"
"Nissan","280Z"
"Nissan","280z"
"Nissan","280zx"
"Nissan","300ZX"
"Nissan","300zx"
"Nissan","510"
"Nissan","521"
"Nissan","Altima"
"Nissan","Armada"
"Nissan","Frontier"
"Nissan","GT-R"
"Nissan","Juke"
"Nissan","Kicks"
"Nissan","Leaf"
"Nissan","Maxima"
"Nissan","Murano"
"Nissan","NV1500 Cargo Van"
"Nissan","NV200"
"Nissan","NV2500 HD Cargo Van"
"Nissan","Pathfinder"
"Nissan","Patrol"
"Nissan","Pickup"
"Nissan","Quest"
"Nissan","Rogue"
"Nissan","Rogue Sport"
"Nissan","Sentra"
"Nissan","Titan"
"Nissan","Titan XD"
"Nissan","Versa"
"Nissan","Xterra"
"Nissan","Z (350Z, 370Z, 400Z)"
"Oldsmobile","442"
"Oldsmobile","88"
"Oldsmobile","98"
"Oldsmobile","Cutlass"
"Oldsmobile","Cutlass Supreme"
"Oldsmobile","Cutlass supreme"
"Oldsmobile","Cutlass supreme convertible"
"Oldsmobile","Delta 88"
"Oldsmobile","Dynamic 88"
"Oldsmobile","F85"
"Oldsmobile","Ninety Eight"
"Oldsmobile","Star Fire"
"Oldsmobile","Starfire"
"Oldsmobile","Toronado"
"Oldsmobile","starfire"
"Oldsmobile","vista cruiser"
"Peugeot","402"
"Plymouth","Duster"
"Plymouth","E550"
"Plymouth","Fury III"
"Plymouth","P15"
"Plymouth","Prowler with trailer"
"Plymouth","Road Runner"
"Plymouth","Roadrunner"
"Plymouth","Savoy"
"Plymouth","Special deluxe"
"Plymouth","Sport Fury"
"Plymouth","Voyager"
"Plymouth","barracuda"
"Plymouth","fury wagon"
"Plymouth","satellite"
"Pontiac","Bonneville"
"Pontiac","Catalina"
"Pontiac","Fiero"
"Pontiac","Fierro"
"Pontiac","Fire bird"
"Pontiac","Firebird"
"Pontiac","Firebird ***TWO of them***"
"Pontiac","Firebird / trans Am"
"Pontiac","Firebird Trans Am"
"Pontiac","G6"
"Pontiac","G8"
"Pontiac","GTO"
"Pontiac","Grand Am"
"Pontiac","Grand Prix GTP"
"Pontiac","Grand prix"
"Pontiac","Gto"
"Pontiac","Gto convertible"
"Pontiac","Javelin"
"Pontiac","LeMans"
"Pontiac","Lemans"
"Pontiac","Lemans GTO"
"Pontiac","Montana"
"Pontiac","Parisienne wagon"
"Pontiac","Silver Streak"
"Pontiac","Solstice"
"Pontiac","Solstice convertible"
"Pontiac","Soltice"
"Pontiac","Star Chief"
"Pontiac","Streamliner"
"Pontiac","Sunfire"
"Pontiac","Torpedo 6"
"Pontiac","Torrent"
"Pontiac","Trans Am"
"Pontiac","Trans am"
"Pontiac","Trans am GTA"
"Pontiac","TransAm"
"Pontiac","Transam"
"Pontiac","Vibe"
"Pontiac","fiero"
"Pontiac","firebird"
"Pontiac","grand prix gxp"
"Pontiac","gto"
"Pontiac","solstice"
"Pontiac","sunfire"
"Pontiac","transam"
"Porsche","2019"
"Porsche","356"
"Porsche","356 replica"
"Porsche","718"
"Porsche","718 Cayman"
"Porsche","718 Spyder"
"Porsche","911"
"Porsche","911 Carrera 4"
"Porsche","911 Turbo S"
"Porsche","911 cabriolet"
"Porsche","914"
"Porsche","928"
"Porsche","944"
"Porsche","BOXSTER"
"Porsche","Box"
"Porsche","Boxster"
"Porsche","Boxter"
"Porsche","Cayenne"
"Porsche","Cayenne GTS"
"Porsche","Cayenne S"
"Porsche","Cayman"
"Porsche","Cayman S"
"Porsche","GT4 Clubsport"
"Porsche","Macan"
"Porsche","Macan T"
"Porsche","Mccay"
"Porsche","Panamera"
"Porsche","S Turbo"
"Porsche","Taycan"
"Porsche","boxster"
"Porsche","cayenne gts"
"Porsche","macan"
"RAM","1500"
"RAM","2500"
"RAM","3500"
"RAM","F150"
"RAM","Power Wagon"
"RAM","ProMaster"
"Ram","4500 Cutaway"
"Ram","ProMaster 1500 Cargo Van"
"Ram","ProMaster 2500 Cargo Van"
"Ram","ProMaster 3500 Cargo Van"
"Ram","ProMaster Cutaway"
"Rivian","R1S"
"Rivian","R1T"
"Rivian","R1t"
"Rolls-Royce","Silver Cloud II"
"Rolls-Royce","Wraith"
"Saab","9-3"
"Saab","9-3SE"
"Saab","9-5"
"Saab","9-5 Sedan"
"Saab","9-7x"
"Saab","92x"
"Saab","95T"
"Saab","96"
"Saab","Sedan 9-5"
"Saab","Sunbeam Alpine"
"Saleen","S351"
"Saturn","Acura"
"Saturn","Aura XE"
"Saturn","Outlook"
"Saturn","SC2"
"Saturn","Sc2"
"Saturn","Sedan"
"Saturn","Sky"
"Saturn","Sw2"
"Saturn","VUE"
"Saturn","Vue"
"Scion","Frs"
"Scion","TC"
"Scion","Tc"
"Scion","XB"
"Scion","XD"
"Scion","Xa"
"Scion","Xb"
"Scion","Xd"
"Scion","iA"
"Scion","tC"
"Scion","xB"
"Scion","xb"
"Smart","Fourtwo"
"Smart","Two Four"
"Smart","passion fourtwo"
"Subaru","Ascent"
"Subaru","BRZ"
"Subaru","Baja"
"Subaru","Bugeye Sprite"
"Subaru","Crosstrek"
"Subaru","Forester"
"Subaru","Impreza"
"Subaru","Legacy"
"Subaru","Outback"
"Subaru","Solterra"
"Subaru","Tribeca"
"Subaru","WRX"
"Subaru","WRX STI"
"Subaru","XT6"
"Suzuki","CARRY"
"Suzuki","Every"
"Suzuki","Grand Vitara"
"Suzuki","Jimny"
"Suzuki","LJ20V"
"Suzuki","Samari"
"Suzuki","Samurai"
"Suzuki","Sidekick"
"Suzuki","Sx4"
"Suzuki","Wagon R"
"Suzuki","grand vitera"
"Suzuki","mighty boy"
"Suzuki","sidekick"
"Tata","Model S"
"Tesla","Cybertruck"
"Tesla","Model 3"
"Tesla","Model S"
"Tesla","Model X"
"Tesla","Model Y"
"Toyota","1ton flatbed"
"Toyota","4Runner"
"Toyota","4runner"
"Toyota","4x4 pickup"
"Toyota","Avalon"
"Toyota","Camry"
"Toyota","Camry Hybrid"
"Toyota","Celica"
"Toyota","Corolla"
"Toyota","Corolla Cross"
"Toyota","Corolla Cross Hybrid"
"Toyota","Corolla Hatchback"
"Toyota","Crown"
"Toyota","Dually, single cab pickup"
"Toyota","FJ Cruiser"
"Toyota","Fj55 land cruiser"
"Toyota","GR Corolla"
"Toyota","GR Supra"
"Toyota","GR86"
"Toyota","Grand Highlander"
"Toyota","Grand Highlander Hybrid"
"Toyota","Highlander"
"Toyota","Highlander Hybrid"
"Toyota","Land Cruiser"
"Toyota","Landcruiser"
"Toyota","MR2"
"Toyota","Matrix"
"Toyota","Mr2"
"Toyota","Pick Up"
"Toyota","Pickup"
"Toyota","Prius"
"Toyota","Prius Prime"
"Toyota","RAV4"
"Toyota","RAV4 Hybrid"
"Toyota","SR5"
"Toyota","Sequoia"
"Toyota","Ser5"
"Toyota","Sienna"
"Toyota","Supra"
"Toyota","Tacoma"
"Toyota","Tundra"
"Toyota","Venza"
"Toyota","Yaris"
"Toyota","land cruiser"
"Toyota","landcruiser"
"Volkswagen","Arteon"
"Volkswagen","Atlas"
"Volkswagen","Atlas Cross Sport"
"Volkswagen","Beetle"
"Volkswagen","Bug"
"Volkswagen","Bus"
"Volkswagen","CC"
"Volkswagen","Cabriolet"
"Volkswagen","Convertible"
"Volkswagen","Corrado"
"Volkswagen","Dune Buggy"
"Volkswagen","Eos"
"Volkswagen","Golf"
"Volkswagen","Golf GTI"
"Volkswagen","Golf R"
"Volkswagen","Gti"
"Volkswagen","ID.4"
"Volkswagen","ID.Buzz"
"Volkswagen","Jetta"
"Volkswagen","Jetta GLI"
"Volkswagen","Karmann Ghia"
"Volkswagen","Notchback Body on Cart"
"Volkswagen","Passat"
"Volkswagen","Pickup"
"Volkswagen","Rabbit"
"Volkswagen","Scirocco"
"Volkswagen","Squareback"
"Volkswagen","Super beetle"
"Volkswagen","T2 transporter"
"Volkswagen","T3 Van"
"Volkswagen","Taos"
"Volkswagen","Thing"
"Volkswagen","Tiguan"
"Volkswagen","Touareg"
"Volkswagen","Transport"
"Volkswagen","Van"
"Volkswagen","beetle"
"Volvo","240"
"Volvo","244"
"Volvo","780"
"Volvo","940"
"Volvo","C40"
"Volvo","C70"
"Volvo","S60"
"Volvo","S80"
"Volvo","S80 T6"
"Volvo","S90"
"Volvo","Station wagon"
"Volvo","V6"
"Volvo","V60"
"Volvo","V60 Cross Country"
"Volvo","V70"
"Volvo","XC40"
"Volvo","XC60"
"Volvo","XC69"
"Volvo","XC70"
"Volvo","XC90"
"Volvo","Xc40"
"Volvo","Xc60"
"Volvo","Xc70"
"Volvo","Xc90"
"Volvo","s80"
"Volvo","xc40"
"Volvo","xc70"
"Volvo","xc90"
